{"Mr. Mime": {"Flareon": 0.18570499999999998, "Fearow": 0.15899749999999999, "Ninetales": 0.299105, "Charizard": 0.2668825, "Moltres": 0.134015, "Rapidash": 0.1334675}, "Blastoise": {"Mr. Mime": 0.34039250000000004, "Gastly": 0.17275, "Magneton": 0.303955, "Electrode": 0.31647000000000003, "Venomoth": 0.306595, "Clefable": 0.13547, "Poliwhirl": 0.13496750000000002, "Porygon": 0.1314125}, "Clefable": {"Primeape": 0.142745, "Moltres": 0.128775, "Pinsir": 0.127725}, "Charizard": {"Electrode": 0.2916925, "Golem": 0.290195, "Blastoise": 0.2847675, "Seadra": 0.12958}, "Golem": {"Kingler": 0.38493999999999995, "Blastoise": 0.387835, "Sandslash": 0.3264525, "Kabutops": 0.3200325, "Seadra": 0.1513725, "Nidoking": 0.13118, "Poliwhirl": 0.12571}, "Nidoking": {"Poliwhirl": 0.2880675, "Mr. Mime": 0.2819325, "Venomoth": 0.1307475, "Moltres": 0.1300425}, "Electrode": {"Golem": 0.43638249999999995, "Nidoking": 0.30285750000000006, "Sandslash": 0.29063249999999996}, "Venomoth": {"Charizard": 0.3850325, "Ninetales": 0.177565, "Moltres": 0.31246500000000005, "Mr. Mime": 0.32209, "Rapidash": 0.1524975, "Arcanine": 0.150635}, "Kingler": {"Electrode": 0.1675, "Mr. Mime": 0.27991499999999997, "Nidoking": 0.1380325}, "Kabutops": {"Nidoking": 0.2774775, "Venomoth": 0.1393, "Mr. Mime": 0.1374625, "Electrode": 0.1364175, "Poliwhirl": 0.125155}, "Poliwhirl": {"Electrode": 0.126435}, "Moltres": {}, "Exeggcute": {"Charizard": 0.3502275, "Moltres": 0.1405025}, "Sandslash": {"Blastoise": 0.34055, "Kingler": 0.1584975}, "Magneton": {"Nidoking": 0.376675, "Golem": 0.3751375, "Sandslash": 0.1647625}, "Porygon": {}, "Arcanine": {"Kabutops": 0.4162525, "Blastoise": 0.3343975, "Golem": 0.28826}, "Ninetales": {}, "Wigglytuff": {}, "Pinsir": {"Moltres": 0.162135, "Charizard": 0.14538500000000001}, "Fearow": {"Kabutops": 0.162135, "Golem": 0.1487375}, "Rapidash": {}, "Seadra": {}, "Raticate": {"Charizard": 0.1380525}, "Machamp": {"Mr. Mime": 0.1641725, "Blastoise": 0.1508275}, "Parasect": {"Charizard": 0.20185999999999998, "Moltres": 0.19162500000000002}, "Vileplume": {}, "Scyther": {"Golem": 0.19494250000000002}, "Gastly": {"Charizard": 0.1274875}, "Arbok": {"Mr. Mime": 0.1551375}, "Flareon": {}, "Muk": {}, "Primeape": {}, "Hitmonlee": {"Mr. Mime": 0.148155}, "Beedrill": {}, "Abra": {}, "Weezing": {}, "Nidoqueen": {}, "Drowzee": {}, "Ditto": {}, "Butterfree": {}, "Marowak": {}, "Dragonair": {}, "Magmar": {}, "Lickitung": {}, "Onix": {}, "Pidgeot": {}, "Pikachu": {}, "Hitmonchan": {}, "Slowpoke": {}, "Farfetch'd": {}, "Seaking": {}, "Ivysaur": {}, "Ponyta": {}, "Golbat": {}, "Weepinbell": {}, "Paras": {}, "Bulbasaur": {}, "Geodude": {}, "Zubat": {}, "Tentacool": {}, "Graveler": {}, "Vulpix": {}, "Meowth": {}, "Poliwag": {}, "Squirtle": {}, "Staryu": {}, "Diglett": {}, "Rattata": {}, "Magnemite": {}, "Shellder": {}, "Voltorb": {}, "Charmander": {}, "Venonat": {}, "Rhyhorn": {}, "Eevee": {}, "Mankey": {}, "Psyduck": {}, "Spearow": {}, "Ekans": {}, "Seel": {}, "Pidgey": {}, "Jigglypuff": {}, "NidoranF": {}, "NidoranM": {}, "Metapod": {}, "Machoke": {}, "Sandshrew": {}, "Krabby": {}, "Caterpie": {}, "Weedle": {}, "Clefairy": {}}