{"Jolteon": {"Rhydon": 0.28417945758625884, "Mewtwo": 0.15589376676209132, "Snorlax": 0.20216416453216812, "Mew": 0.05475885189091456, "Sandslash": 0.04767221334940486}, "Starmie": {"Mewtwo": 0.31618246778811737, "Jolteon": 0.062283715103793845, "Chansey": 0.047978707945597714, "Zapdos": 0.09905935576234788}, "Cloyster": {"Mewtwo": 0.20605441946748146, "Zapdos": 0.05029813182016586}, "Dragonite": {}, "Kangaskhan": {}, "Lapras": {"Mewtwo": 0.25537934355345915}, "Snorlax": {"Aerodactyl": 0.06180406442670745, "Cloyster": 0.2360917824881709, "Dragonite": 0.13787519595660278, "Moltres": 0.06915998613965493, "Exeggutor": 0.056665814892701824, "Porygon": 0.05530635114467333}, "Gengar": {"Mewtwo": 0.3462574752976944, "Alakazam": 0.14072003863693944, "Rhydon": 0.09261519255130479, "Tauros": 0.12439103179630098}, "Zapdos": {"Rhydon": 0.34957806640625, "Mewtwo": 0.40869963948567706}, "Blastoise": {"Mewtwo": 0.14207149425287355}, "Mewtwo": {"Dragonite": 0.0489172175512349}, "Mew": {"Aerodactyl": 0.05360505548957019, "Dragonite": 0.1149978368346819}, "Chansey": {"Mew": 0.2764040526115135, "Tauros": 0.1300833806709874, "Snorlax": 0.04902811475409836, "Dragonite": 0.14038934712161646, "Moltres": 0.05189712447579108}, "Tauros": {"Mewtwo": 0.3332865424491393, "Slowbro": 0.15100062239175793}, "Exeggutor": {"Mewtwo": 0.18138556107610276, "Jynx": 0.1464933789788334, "Zapdos": 0.0873538738083697, "Articuno": 0.04303952819518501, "Dragonite": 0.12542635886249798}, "Slowbro": {"Mewtwo": 0.3363896124811273, "Victreebel": 0.16113619149471567, "Zapdos": 0.18432968231001512}, "Electrode": {"Rhydon": 0.1374763043478261, "Exeggutor": 0.05321129813664596}, "Charizard": {"Mewtwo": 0.35730128732849076}, "Alakazam": {"Mewtwo": 0.19933666076173606, "Slowbro": 0.226791193534101, "Snorlax": 0.15323609942426927, "Mew": 0.045641325287865374}, "Parasect": {}, "Dugtrio": {}, "Omastar": {}, "Poliwrath": {}, "Venusaur": {"Mewtwo": 0.23045001160092807}, "Jynx": {"Mewtwo": 0.1822726094890511, "Mew": 0.13846264370437958, "Slowbro": 0.08886846259124087}, "Rhydon": {"Mewtwo": 0.2947226525105584, "Exeggutor": 0.3199579763022055, "Tauros": 0.1593040039887377, "Slowbro": 0.09152678437353355, "Starmie": 0.06483469497888315, "Cloyster": 0.05420163068981699, "Dragonite": 0.05335776513374003, "Mew": 0.04022724777099953}, "Nidoking": {"Mewtwo": 0.13318730478589422}, "Pikachu": {}, "Pidgeot": {}, "Machamp": {}, "Gyarados": {"Mewtwo": 0.11559970394736843}, "Articuno": {"Mewtwo": 0.23903030176415974}, "Flareon": {}, "Vaporeon": {}, "Kadabra": {}, "Jigglypuff": {}, "Hypno": {"Mewtwo": 0.05508984978540772}, "Moltres": {"Zapdos": 0.10233730909090909, "Mewtwo": 0.08939012727272727}, "Wigglytuff": {}, "Kabutops": {}, "Raichu": {}, "Kingler": {}, "Scyther": {}, "Arcanine": {}, "Mr. Mime": {}, "Golem": {"Mewtwo": 0.11005904481132074, "Exeggutor": 0.07601826650943397}, "Persian": {"Mewtwo": 0.07026079416531604}, "Sandslash": {}, "Pinsir": {}, "Raticate": {}, "Victreebel": {"Mewtwo": 0.08575127403846154}, "Aerodactyl": {"Mewtwo": 0.07180141853932584}, "Golduck": {}, "Tentacruel": {}, "Hitmonlee": {}, "Dodrio": {}, "Beedrill": {}, "Primeape": {}, "Ninetales": {}, "Muk": {}, "Tangela": {}, "Ditto": {}, "Electabuzz": {}, "Rapidash": {}, "Haunter": {}, "Vileplume": {}, "Dewgong": {}, "Onix": {}, "Magneton": {}, "Butterfree": {}, "Hitmonchan": {}, "Clefable": {}, "Magmar": {}, "Bulbasaur": {}, "Arbok": {}, "Marowak": {}, "Venomoth": {}, "Golbat": {}, "Weezing": {}, "Nidoqueen": {}, "Abra": {}, "Squirtle": {}, "Seadra": {}, "Sandshrew": {}, "Caterpie": {}, "Fearow": {}, "Geodude": {}, "Metapod": {}, "Drowzee": {}, "Pidgey": {}, "Eevee": {}, "Clefairy": {}, "Dragonair": {}, "Charmeleon": {}, "Psyduck": {}, "Rattata": {}, "Spearow": {}, "Ekans": {}, "Ivysaur": {}, "Weedle": {}, "Growlithe": {}, "Paras": {}, "Omanyte": {}, "Slowpoke": {}, "Farfetch'd": {}, "Magnemite": {}, "Magikarp": {}, "Pidgeotto": {}, "Meowth": {}, "Gastly": {}, "Porygon": {"Mewtwo": 0.29608290410958904, "Chansey": 0.12724827397260274}, "Zubat": {}, "Charmander": {}, "Gloom": {}, "Kakuna": {}, "Seaking": {}, "Rhyhorn": {}, "Cubone": {}, "Seel": {}, "Staryu": {}, "Machop": {}, "Oddish": {}, "Mankey": {}, "Vulpix": {}, "Bellsprout": {}, "Weepinbell": {}, "Horsea": {}, "Dratini": {}, "Wartortle": {}, "Lickitung": {}, "Machoke": {}, "Poliwhirl": {}, "Graveler": {}, "Exeggcute": {}}