{"Kadabra": {"Dugtrio": 0.4615838916870859, "Persian": 0.41552951583628284, "Dodrio": 0.28246925242762505, "Dragonite": 0.20705139282149015, "Aerodactyl": 0.12385132271530992, "Golem": 0.061845336691169796, "Kangaskhan": 0.08634486545966061, "Articuno": 0.05848450608040657, "Hypno": 0.07850838869225883}, "Tentacruel": {"Kadabra": 0.29559019340940296, "Electabuzz": 0.2696049917144075, "Dugtrio": 0.17248955139434688, "Electrode": 0.08257028313053359, "Raichu": 0.08386690260877798, "Haunter": 0.02970793309975853}, "Dugtrio": {"Tangela": 0.38067734786954893, "Dragonite": 0.4028652061726853, "Gyarados": 0.421290119642634, "Dewgong": 0.19359502249156568, "Victreebel": 0.19659164219667621, "Aerodactyl": 0.23133328408096965, "Venusaur": 0.2516646719980007, "Vaporeon": 0.21361343277520928, "Dodrio": 0.1791081988004498, "Kangaskhan": 0.2215893468074472, "Poliwrath": 0.1259928533050106, "Articuno": 0.06078203361239535, "Lapras": 0.07528478258153191}, "Articuno": {"Dewgong": 0.4067308584296243, "Tentacruel": 0.32970527795469023, "Ninetales": 0.09556339368574288, "Omastar": 0.2198113138022018, "Vaporeon": 0.07922090619597853, "Lapras": 0.03910221544900373}, "Persian": {"Haunter": 0.37237265993616436, "Articuno": 0.13285939009159034, "Dragonite": 0.13357855328892587, "Lapras": 0.03693390924229808}, "Haunter": {"Dugtrio": 0.5454473316404266, "Kadabra": 0.28588256170645, "Golem": 0.1368761442356526, "Hypno": 0.014222748603351957}, "Electabuzz": {"Dugtrio": 0.5365738466362601, "Golem": 0.3317275541619156, "Sandslash": 0.2007378249714937, "Persian": 0.24840787628278224, "Onix": 0.06891531927023944, "Dragonite": 0.04102872976054732, "Hypno": 0.025828409350057015, "Tangela": 0.01934095895096921}, "Kangaskhan": {"Tentacruel": 0.43282085673541026, "Dodrio": 0.0367859412022817}, "Dodrio": {"Omastar": 0.2042179675994109, "Golem": 0.21665297429374747, "Articuno": 0.2724529287722587, "Aerodactyl": 0.17574710938545993, "Electabuzz": 0.20881567345026114, "Electrode": 0.06924720980050876, "Lapras": 0.059097590038827155}, "Dragonite": {"Articuno": 0.3609503088858905, "Tentacruel": 0.3918275534888204, "Dewgong": 0.10188222050886662, "Gyarados": 0.05074875867386276, "Haunter": 0.03778115844255975, "Lapras": 0.03297565391287587}, "Dewgong": {"Raichu": 0.3057473660714286, "Haunter": 0.37509549418604654, "Electabuzz": 0.27743031561461795, "Tentacruel": 0.46089025747508305, "Gyarados": 0.18257183139534883, "Lapras": 0.006865967607973421, "Venusaur": 0.032028214285714285, "Victreebel": 0.029494858803986713}, "Gyarados": {"Raichu": 0.24290537816947194, "Electabuzz": 0.3518754814707795, "Haunter": 0.42047906450913825, "Persian": 0.3168339175034313, "Tentacruel": 0.3250753312143322, "Articuno": 0.11051211442606372, "Electrode": 0.05425054106768764, "Lapras": 0.02280944520696381}, "Tangela": {"Articuno": 0.42969627268550425, "Tentacruel": 0.3253197932460372, "Charizard": 0.10615149207443143, "Dodrio": 0.25107519871353084, "Moltres": 0.1039440144727774, "Dewgong": 0.19975680335400875, "Haunter": 0.17480717665977485, "Dragonite": 0.1315376280725936}, "Venusaur": {"Articuno": 0.2481536882365102, "Moltres": 0.0734344738474261, "Dodrio": 0.1803869154434567, "Kadabra": 0.23789438701674587, "Haunter": 0.12460954103783335, "Tentacruel": 0.20257660533388464, "Gyarados": 0.07809426297291709, "Dragonite": 0.096149507959479}, "Victreebel": {"Dodrio": 0.2643644317734959, "Articuno": 0.2845338714117185, "Haunter": 0.21754227290601652, "Tentacruel": 0.12155578843885176, "Kadabra": 0.08607894219425875}, "Golem": {"Tentacruel": 0.4299297194602273, "Raichu": 0.08499530007102273, "Gyarados": 0.18984559303977272, "Venusaur": 0.11560033558238637, "Tangela": 0.14349973899147728, "Articuno": 0.0732547265625, "Dewgong": 0.07304605646306818, "Vaporeon": 0.1070953515625, "Lapras": 0.06457319602272728}, "Omastar": {"Tentacruel": 0.23339741906474817, "Vaporeon": 0.08124422212230216, "Victreebel": 0.08051890737410071, "Haunter": 0.07364251348920862, "Dewgong": 0.18867594199640286, "Gyarados": 0.06882544964028778, "Electabuzz": 0.0650976393884892, "Lapras": 0.024793057553956832}, "Aerodactyl": {"Omastar": 0.10827903411268686, "Golem": 0.07372827711766959, "Dewgong": 0.13503803181295515, "Tentacruel": 0.2886177251820621, "Haunter": 0.06384889804522806, "Dragonite": 0.09976393637408969, "Gyarados": 0.09929941931774629, "Articuno": 0.11116448447681104, "Lapras": 0.0686343522422384}, "Raichu": {"Dugtrio": 0.40679171446003665, "Venusaur": 0.10605803945495221, "Victreebel": 0.05817875940614196, "Persian": 0.03209019930852146}, "Vaporeon": {"Tentacruel": 0.24852369905350594, "Gyarados": 0.05155239134633958, "Victreebel": 0.04871087888738651, "Haunter": 0.04687382460884683, "Persian": 0.04495484643615995, "Raichu": 0.056623542592234885, "Lapras": 0.06314960015452965}, "Clefable": {"Tentacruel": 0.16021885438233266, "Articuno": 0.07208944099378882}, "Electrode": {"Golem": 0.07888220440881763}, "Charizard": {"Gyarados": 0.08019636594663278, "Tentacruel": 0.1241369504447268, "Dugtrio": 0.061808538754764934, "Electabuzz": 0.061658831003811934}, "Poliwrath": {"Kadabra": 0.10154348349687778, "Dragonite": 0.04189318465655665}, "Nidoking": {"Articuno": 0.07202844221105528}, "Moltres": {"Tentacruel": 0.3221780613305613}, "Exeggcute": {"Articuno": 0.15475432656826568}, "Mr. Mime": {}, "Blastoise": {"Lapras": 0.03578845829823083}, "Arcanine": {"Tentacruel": 0.2037405707762557}, "Sandslash": {"Gyarados": 0.12716763005780346}, "Rapidash": {}, "Magneton": {"Dugtrio": 0.14473684210526316}, "Ninetales": {"Tentacruel": 0.09088845714285713}, "Machamp": {}, "Porygon": {}, "Arbok": {"Kadabra": 0.0774970919324578}, "Pidgeot": {}, "Golduck": {}, "Kabutops": {"Tentacruel": 0.12000072961373391}, "Onix": {}, "Weezing": {}, "Venomoth": {"Tentacruel": 0.04907720279720279}, "Pikachu": {}, "Raticate": {}, "Pinsir": {"Tentacruel": 0.07700707581227437}, "Scyther": {}, "Beedrill": {}, "Kingler": {}, "Flareon": {}, "Parasect": {}, "Muk": {}, "Ditto": {}, "Wigglytuff": {}, "Lickitung": {}, "Seadra": {}, "Primeape": {}, "Golbat": {}, "Vileplume": {}, "Graveler": {}, "Farfetch'd": {}, "Kakuna": {}, "Butterfree": {}, "Drowzee": {}, "Squirtle": {}, "Ekans": {}, "Gastly": {}, "Poliwhirl": {}, "Marowak": {}, "Tentacool": {}, "Fearow": {}, "Nidoqueen": {}, "Hitmonlee": {}, "Abra": {}, "Magmar": {}, "Dragonair": {}, "Hitmonchan": {}, "Jigglypuff": {}, "Dratini": {}, "Bulbasaur": {}, "Magikarp": {}, "Metapod": {}, "Omanyte": {}, "Diglett": {}, "Charmander": {}, "Geodude": {}, "Voltorb": {}, "Ivysaur": {}, "Eevee": {}, "Staryu": {}, "Slowpoke": {}, "Koffing": {}, "Charmeleon": {}, "Bellsprout": {}, "Meowth": {}, "Rhyhorn": {}, "Clefairy": {}, "Psyduck": {}, "Rattata": {}, "Paras": {}, "NidoranM": {}, "Wartortle": {}, "Vulpix": {}, "Machoke": {}, "Gloom": {}, "Seaking": {}, "Grimer": {}, "Hypno": {"Dragonite": 0.400553993972878, "Kangaskhan": 0.29220118834756403, "Persian": 0.27944770919136114, "Tentacruel": 0.1989625208437971, "Golduck": 0.07062207182320442, "Articuno": 0.13674110698141637, "Dodrio": 0.20127418935208438, "Dugtrio": 0.19171158864892013}, "Ponyta": {}, "Weedle": {}, "Growlithe": {}, "Pidgeotto": {}, "Zubat": {}, "Caterpie": {}, "Spearow": {}, "Poliwag": {}, "Goldeen": {}, "Venonat": {}, "Lapras": {"Electabuzz": 0.357822605, "Raichu": 0.332604825, "Victreebel": 0.28518854, "Haunter": 0.273516495, "Tentacruel": 0.26128283999999996, "Electrode": 0.129485895, "Venusaur": 0.126618205}, "Shellder": {}, "Cubone": {}, "Krabby": {}, "Nidorina": {}, "Doduo": {}, "Nidorino": {}, "Weepinbell": {}, "Machop": {}}