{"Haunter": {"Magneton": 0.03441618157331854, "Piloswine": 0.15715744276321003, "Kadabra": 0.0979817095777549, "Quagsire": 0.030897984631228705}, "Blastoise": {"Electabuzz": 0.2659316066066066, "Gyarados": 0.19307716762216762, "Haunter": 0.10256768359268359, "Ampharos": 0.26883335517335516, "Slowbro": 0.01983834971334971, "Lanturn": 0.18496353535353535, "Pikachu": 0.11340363636363637, "Electrode": 0.0915721212121212, "Chansey": 0.08473020202020203, "Bellossom": 0.11502356674856674, "Mr. Mime": 0.10854739830739832}, "Scyther": {"Ampharos": 0.07657892331815126, "Arcanine": 0.11366956992458747, "Kabutops": 0.08274767415814233, "Electrode": 0.1926414261181214, "Electabuzz": 0.07363712237736131, "Omastar": 0.10232192413947586, "Nidoqueen": 0.11218487792130218, "Crobat": 0.1345329097289629, "Gyarados": 0.0327246591503024, "Piloswine": 0.0651990935563354, "Quagsire": 0.03536315239304114, "Granbull": 0.0345779287687598}, "Nidoqueen": {"Quagsire": 0.07937506014434642, "Blastoise": 0.30846588078053994, "Girafarig": 0.11044213579256884, "Mr. Mime": 0.09441871491579791, "Slowking": 0.13623782945736432, "Gligar": 0.03856256214915798, "Granbull": 0.17765195068163592, "Kadabra": 0.08792794774124565, "Piloswine": 0.051973640737770645, "Hypno": 0.049752470596097303, "Slowbro": 0.04541547714514836}, "Qwilfish": {"Electabuzz": 0.41351706280644407, "Haunter": 0.37531103432173707, "Mr. Mime": 0.3712324760681765, "Ampharos": 0.24269603315433108, "Quagsire": 0.26784162911510623, "Hypno": 0.21973521421900535, "Girafarig": 0.05188733072612654, "Lanturn": 0.1982096322671025, "Magneton": 0.04896836329675461, "Pikachu": 0.27695248190520666, "Electrode": 0.21752175752976885, "Slowking": 0.03612946240952603, "Slowbro": 0.23383696299322904, "Kadabra": 0.15878476184917115, "Scyther": 0.06723847244921784, "Gyarados": 0.037042622577632495, "Granbull": 0.03555934275040859}, "Dodrio": {"Kabutops": 0.08227819916142558, "Omastar": 0.10790324528301887, "Electabuzz": 0.15615391823899372, "Electrode": 0.07121447169811321, "Nidoqueen": 0.04015799161425577}, "Electrode": {"Nidoqueen": 0.20578274200710478, "Quagsire": 0.030932309058614563}, "Gyarados": {"Electabuzz": 0.33840452406417115, "Haunter": 0.21516103921568627, "Lanturn": 0.2382572780748663, "Pikachu": 0.1857379982174688, "Mr. Mime": 0.11194549732620322, "Electrode": 0.10221347415329769, "Magneton": 0.08057513725490197, "Granbull": 0.07498477183600713, "Chansey": 0.07153678787878788}, "Pikachu": {}, "Gligar": {"Gyarados": 0.11328140070921985, "Piloswine": 0.08335171985815604, "Blastoise": 0.08115751773049647}, "Dugtrio": {}, "Electabuzz": {"Nidoqueen": 0.3020590865051903, "Piloswine": 0.1830396332179931, "Hypno": 0.09985817993079585, "Quagsire": 0.12924103806228376, "Ampharos": 0.056802941176470584, "Bellossom": 0.04270376470588236}, "Kadabra": {"Scyther": 0.0884739465875371}, "Piloswine": {"Blastoise": 0.3254292066752247, "Slowking": 0.2661551835686778, "Gyarados": 0.30958876508344024, "Omastar": 0.2585448023106547, "Slowbro": 0.2740231501925545, "Pinsir": 0.21304981771501927, "Politoed": 0.14285021052631577, "Arcanine": 0.1095401103979461}, "Lanturn": {"Quagsire": 0.13965031570841885, "Nidoqueen": 0.26359321611909653, "Jumpluff": 0.0189941273100616, "Granbull": 0.01798958932238193, "Pinsir": 0.11675132186858317, "Bellossom": 0.1104410497946612, "Hypno": 0.10810621149897331}, "Slowbro": {"Electabuzz": 0.20495166666666667, "Mr. Mime": 0.03632981927710843, "Lanturn": 0.23839906196213426, "Electrode": 0.08597728915662652, "Ampharos": 0.069354578313253, "Magneton": 0.09829636259323006, "Pikachu": 0.07566463568559954, "Bellossom": 0.062978611589214}, "Chansey": {"Qwilfish": 0.18074381611468118, "Granbull": 0.225576347009392, "Nidoqueen": 0.06799567474048443, "Sandslash": 0.05994325259515571}, "Arcanine": {"Quagsire": 0.04367242052426101, "Qwilfish": 0.07393092582264361, "Blastoise": 0.16460191299498048, "Slowking": 0.08803303402119353, "Lanturn": 0.07905016174010039, "Gyarados": 0.058275747350808704, "Slowbro": 0.03718720022308979}, "Jumpluff": {"Piloswine": 0.07690963292027121}, "Quagsire": {"Bellossom": 0.0875970849609375, "Granbull": 0.052497822265625, "Victreebel": 0.049600239257812505}, "Granbull": {"Omastar": 0.3217152478333587, "Haunter": 0.1438558309259541, "Kabutops": 0.07225302721605596}, "Sandslash": {"Gyarados": 0.07025832589285715, "Blastoise": 0.13281050223214286}, "Pinsir": {"Haunter": 0.024809002652519892, "Arcanine": 0.1323584880636605, "Dodrio": 0.09490785676392573}, "Crobat": {"Granbull": 0.11252191966370854, "Nidoqueen": 0.10561583839327418, "Hypno": 0.07913679588977114}, "Graveler": {}, "Victreebel": {}, "Shuckle": {"Qwilfish": 0.09506976744186048}, "Hypno": {"Granbull": 0.2394076959247649, "Pinsir": 0.12221601097178683, "Scyther": 0.23830938871473353, "Chansey": 0.11076132836990596, "Girafarig": 0.07484884796238245, "Piloswine": 0.0679219396551724}, "Bellossom": {"Scyther": 0.08261783773861968}, "Ampharos": {"Nidoqueen": 0.5041079680915111, "Piloswine": 0.24539575556893437, "Sandslash": 0.1700274984948826, "Quagsire": 0.0605903521974714}, "Delibird": {}, "Slowking": {"Chansey": 0.09482740028832293, "Lanturn": 0.11086834214320038, "Electabuzz": 0.09485044690052859, "Ampharos": 0.22458924555502163, "Scyther": 0.0767657232099952, "Magneton": 0.07587650168188372, "Bellossom": 0.04159247957712638}, "Magneton": {"Nidoqueen": 0.4019882947976879, "Quagsire": 0.11554808422791082, "Piloswine": 0.11249083402146987}, "Mr. Mime": {"Scyther": 0.1568919708396179, "Arcanine": 0.0419154474610357, "Chansey": 0.20164765962795375, "Granbull": 0.15284191050779286, "Magneton": 0.08371161387631977, "Piloswine": 0.0730674710910005, "Dodrio": 0.06678910005027652}, "Omastar": {"Electabuzz": 0.11892235193621868, "Lanturn": 0.10892085706150341, "Electrode": 0.09629833428246015, "Mr. Mime": 0.09350350227790433, "Haunter": 0.07804580011389523}, "Girafarig": {"Scyther": 0.1590544130675526, "Granbull": 0.05862112403100775}, "Kabutops": {}, "Politoed": {"Lanturn": 0.05860835694050991}, "Vileplume": {}, "Corsola": {}, "Magmar": {}, "Flareon": {}, "Raichu": {}, "Ariados": {}, "Weezing": {}, "Hitmontop": {}, "Octillery": {}, "Poliwrath": {}, "Persian": {}, "Xatu": {}, "Feraligatr": {}, "Kingler": {}, "Dragonair": {}, "Houndour": {}, "Magcargo": {}, "Ninetales": {}, "Wigglytuff": {}, "Hitmonlee": {}, "Sudowoodo": {}, "Golduck": {}, "Murkrow": {}, "Charmeleon": {}, "Hitmonchan": {}, "Dewgong": {}, "Rapidash": {}, "Primeape": {}, "Eevee": {}, "Porygon": {}, "Magnemite": {}, "Azumarill": {}, "Stantler": {}, "Beedrill": {}, "Venomoth": {}, "Ditto": {}, "Pineco": {}, "Pidgeot": {}, "Aipom": {}, "Cubone": {}, "Sneasel": {}, "Mantine": {}, "Arbok": {}, "Parasect": {}, "Dunsparce": {}, "Furret": {}, "Tangela": {}, "Tentacool": {}, "Bayleef": {}, "Quilava": {}, "Chikorita": {}, "Hoppip": {}, "Charmander": {}, "Pichu": {}, "Wobbuffet": {}, "Farfetch'd": {}, "Noctowl": {}, "Fearow": {}, "Bulbasaur": {}, "Squirtle": {}, "Drowzee": {}, "Elekid": {}, "Seadra": {}, "Smoochum": {}, "Butterfree": {}, "Ledian": {}, "Yanma": {}, "Ivysaur": {}, "Ekans": {}, "Diglett": {}, "Kakuna": {}, "Unown": {}, "Metapod": {}, "Raticate": {}, "Togetic": {}, "Gastly": {}, "Totodile": {}, "Machoke": {}, "Cyndaquil": {}, "Nidorina": {}, "Phanpy": {}, "Sunflora": {}, "Vulpix": {}, "Exeggcute": {}, "Oddish": {}, "Magikarp": {}, "Poliwhirl": {}, "Rattata": {}, "Abra": {}, "Lickitung": {}, "Geodude": {}, "Jigglypuff": {}, "Goldeen": {}, "Pidgey": {}, "Larvitar": {}, "Zubat": {}, "Venonat": {}, "Caterpie": {}, "Seaking": {}, "Clefairy": {}, "Onix": {}, "Rhyhorn": {}, "Flaaffy": {}, "Spearow": {}, "Machop": {}, "Croconaw": {}, "Hoothoot": {}, "Voltorb": {}, "Gloom": {}}