{"Xatu": {"Sneasel": 0.3984378800298063, "Magnemite": 0.3755949143070044, "Dewgong": 0.32566964418777944, "Houndour": 0.15238636363636363, "Porygon": 0.28607916728763044, "Flareon": 0.2968336475409836, "Persian": 0.2678977254098361, "Ninetales": 0.2665961959761549, "Dugtrio": 0.13426237891207154, "Fearow": 0.13395510804769004}, "Octillery": {"Chinchou": 0.42523904921700223, "Bayleef": 0.3623824832214766, "Flaaffy": 0.1723635346756152, "Hitmonlee": 0.3103616219239374, "Weezing": 0.2994835123042505, "Wigglytuff": 0.28725842281879194, "Magnemite": 0.29195788590604027, "Primeape": 0.1451545413870246, "Porygon": 0.13789082774049216, "Tangela": 0.13196411633109623, "Stantler": 0.1253963422818792}, "Weezing": {"Dugtrio": 0.3280749174669868, "Pupitar": 0.15980644507803118, "Graveler": 0.28529868397358943, "Sudowoodo": 0.13987145408163265, "Xatu": 0.1356042992196879, "Shuckle": 0.13329873949579832, "Cubone": 0.12542743397358944}, "Pineco": {"Ninetales": 0.360057416004887, "Dugtrio": 0.30760947464874766, "Tentacool": 0.2969484911423335, "Rapidash": 0.14097632864996942, "Magnemite": 0.13796816737935247, "Magmar": 0.13732106291997556, "Weezing": 0.13290376298106293, "Graveler": 0.12950084300549786, "Fearow": 0.12580810018326205}, "Dugtrio": {"Octillery": 0.3185315922014622, "Dewgong": 0.2683202802599513}, "Dewgong": {"Primeape": 0.3581748923076923, "Hitmonlee": 0.3485395692307692, "Chinchou": 0.304728882051282}, "Fearow": {"Graveler": 0.14957177098783744, "Shuckle": 0.14957177098783744, "Dewgong": 0.12919242361317115}, "Stantler": {"Primeape": 0.18852982283464564, "Shuckle": 0.35576630905511814, "Hitmonlee": 0.31574947834645667, "Xatu": 0.12839002952755904}, "Hitmonlee": {"Xatu": 0.38690847715736043, "Fearow": 0.14604238578680204, "Weezing": 0.14581106598984772}, "Ninetales": {"Octillery": 0.4929779295154186, "Dugtrio": 0.2908607672540382, "Graveler": 0.14301624449339206, "Chinchou": 0.1421787114537445}, "Primeape": {"Fearow": 0.1593126219512195, "Xatu": 0.15069051829268293, "Weezing": 0.28446730182926827}, "Chinchou": {"Stantler": 0.37855249999999996, "Dugtrio": 0.36601750000000005, "Primeape": 0.173745, "Gloom": 0.171925, "Hitmonlee": 0.2993275, "Bayleef": 0.162135, "Wigglytuff": 0.14992250000000001, "Weezing": 0.12954000000000002, "Dragonair": 0.125805}, "Flareon": {"Dugtrio": 0.32724135220125783, "Stantler": 0.1566485534591195, "Octillery": 0.13696562893081762}, "Magnemite": {"Primeape": 0.25, "Dugtrio": 0.4054375, "Magmar": 0.19162500000000002, "Flareon": 0.392285, "Stantler": 0.3445399999999999, "Ninetales": 0.3289625, "Hitmonlee": 0.15597250000000001, "Rapidash": 0.1471675}, "Wigglytuff": {"Primeape": 0.13871157142857143, "Hitmonlee": 0.12491692857142858}, "Graveler": {"Octillery": 0.2858095446481372, "Dewgong": 0.15040020106445892}, "Magmar": {"Dugtrio": 0.18393249999999997}, "Dragonair": {"Stantler": 0.351231968503937, "Dewgong": 0.14522146231721036}, "Kingler": {"Xatu": 0.2798722302158273}, "Persian": {}, "Porygon": {"Primeape": 0.148568}, "Sneasel": {"Ninetales": 0.15597250000000001}, "Gloom": {"Xatu": 0.38599999999999995, "Fearow": 0.137925, "Magnemite": 0.137925}, "Delibird": {"Octillery": 0.149705, "Dewgong": 0.13668}, "Rapidash": {"Octillery": 0.31262999999999996, "Dewgong": 0.125}, "Shuckle": {"Octillery": 0.32799500000000004, "Dewgong": 0.2912675}, "Gastly": {"Xatu": 0.16811572429906543, "Stantler": 0.1613773598130841}, "Sudowoodo": {"Octillery": 0.1365436214953271}, "Lickitung": {}, "Arbok": {"Xatu": 0.3684872193877551}, "Ariados": {"Xatu": 0.167585}, "Cubone": {}, "Farfetch'd": {}, "Dunsparce": {}, "Azumarill": {}, "Bayleef": {"Weezing": 0.153765}, "Pupitar": {"Octillery": 0.14106249999999998}, "Exeggcute": {}, "Flaaffy": {"Dugtrio": 0.21143}, "Murkrow": {}, "Pidgeot": {}, "Hitmonchan": {"Xatu": 0.2892825}, "Mantine": {}, "Tangela": {}, "Houndour": {}, "Noctowl": {}, "Machoke": {"Xatu": 0.18652000000000002}, "Hitmontop": {"Xatu": 0.171925}, "Aipom": {}, "Ledian": {}, "Poliwhirl": {}, "Tentacool": {"Xatu": 0.12001164383561644}, "Butterfree": {}, "Venomoth": {"Xatu": 0.1274875}, "Beedrill": {}, "Parasect": {}, "Magcargo": {}, "Furret": {}, "Rhyhorn": {}, "Wobbuffet": {}, "Elekid": {}, "Sunflora": {}, "Abra": {}, "Voltorb": {}, "Seadra": {}, "Corsola": {}, "Ditto": {}, "Raticate": {}, "Slowpoke": {}, "Togetic": {}, "Seaking": {}, "Charmeleon": {}, "Snubbull": {}, "Drowzee": {}, "Croconaw": {}, "Skiploom": {}, "Ivysaur": {}, "Staryu": {}, "Smoochum": {}, "Yanma": {}, "Magby": {}, "Onix": {}, "Sandshrew": {}, "Growlithe": {}, "Doduo": {}, "Meowth": {}, "Nidorino": {}, "Weepinbell": {}, "Ledyba": {}, "Unown": {}, "Magikarp": {}, "Quilava": {}, "Koffing": {}, "Shellder": {}, "Eevee": {}, "Wartortle": {}, "Bellsprout": {}, "Totodile": {}, "Grimer": {}, "Venonat": {}, "Vulpix": {}, "Squirtle": {}}