{"Mew": {"Skarmory": 0.047457454128440366}, "Snorlax": {"Lugia": 0.26388697368421055, "Machamp": 0.14635257117437722, "Steelix": 0.0996000416744709, "Tyranitar": 0.030294928825622774}, "Tyranitar": {"Mew": 0.1925353878147482, "Cloyster": 0.09767638376798561, "Vaporeon": 0.03862727630395683, "Machamp": 0.06436405912769784}, "Cloyster": {"Gengar": 0.19666169168591224, "Mewtwo": 0.35605249076212464, "Jolteon": 0.2722362702078522, "Zapdos": 0.29670392840646653, "Raikou": 0.23919603002309464, "Ho-Oh": 0.06707950346420323, "Celebi": 0.08890235103926099}, "Raikou": {"Snorlax": 0.37553693625977147, "Steelix": 0.0911947865303668}, "Skarmory": {"Ho-Oh": 0.14598960927152319, "Mewtwo": 0.10964953642384108, "Zapdos": 0.18046837086092718, "Raikou": 0.09271523178807947}, "Mewtwo": {"Snorlax": 0.24824759391927312}, "Lugia": {"Zapdos": 0.32287423142679517}, "Forretress": {"Ho-Oh": 0.38437334795321637, "Mewtwo": 0.34312995822890563, "Tyranitar": 0.1774402485380117, "Gengar": 0.13315866019214703, "Cloyster": 0.16450460630743524}, "Zapdos": {"Raikou": 0.32177432690150326, "Snorlax": 0.31375310522773164, "Celebi": 0.22454370428539377, "Jolteon": 0.049364505272604886, "Blissey": 0.04359494727395109, "Mewtwo": 0.15573590643930896}, "Smeargle": {}, "Celebi": {"Ho-Oh": 0.17228816961703108, "Mewtwo": 0.1452450503297466, "Lugia": 0.24215813606386674}, "Granbull": {}, "Vaporeon": {"Zapdos": 0.13694025773195878}, "Ho-Oh": {"Zapdos": 0.2564332848304308, "Snorlax": 0.16292217231897343, "Tyranitar": 0.2261226649862511, "Rhydon": 0.0587448670944088, "Raikou": 0.04251521539871677}, "Jolteon": {"Snorlax": 0.3516451234567901, "Steelix": 0.1436465329218107}, "Gengar": {"Mewtwo": 0.21402992721164618}, "Steelix": {"Cloyster": 0.3197018776077886, "Ho-Oh": 0.24520292420027817, "Mewtwo": 0.10252543984700972}, "Golem": {"Cloyster": 0.3112999178307313, "Mewtwo": 0.28257682826622843, "Zapdos": 0.10528841413311424}, "Umbreon": {"Mew": 0.08297792899408284, "Forretress": 0.02746810650887574}, "Charizard": {}, "Exeggutor": {}, "Ursaring": {}, "Rhydon": {"Cloyster": 0.1315214923076923, "Celebi": 0.08897456923076924, "Zapdos": 0.08383249230769232, "Mewtwo": 0.11319381538461537}, "Scizor": {}, "Porygon2": {}, "Blissey": {"Snorlax": 0.2869143630573249, "Mew": 0.13806075523202913, "Lugia": 0.04604710646041856}, "Persian": {}, "Heracross": {"Ho-Oh": 0.061939142300194934}, "Machamp": {"Mewtwo": 0.16308066666666668, "Lugia": 0.08730272727272728}, "Quagsire": {}, "Blastoise": {}, "Marowak": {}, "Starmie": {"Mewtwo": 0.0816123417721519}, "Muk": {}, "Shuckle": {}, "Jynx": {}, "Omastar": {}, "Suicune": {"Mewtwo": 0.07116969387755102}, "Misdreavus": {}, "Houndoom": {}, "Scyther": {}, "Tentacruel": {}, "Lapras": {}, "Dragonite": {}, "Aerodactyl": {}, "Slowbro": {}, "Meganium": {}, "Typhlosion": {}, "Venusaur": {}, "Miltank": {}, "Espeon": {}, "Nidoking": {}, "Corsola": {}, "Donphan": {}, "Pikachu": {}, "Alakazam": {}, "Entei": {}, "Moltres": {}, "Kingdra": {}, "Ampharos": {}, "Parasect": {}, "Articuno": {}, "Ninetales": {}, "Feraligatr": {}, "Electrode": {}, "Chansey": {}, "Gligar": {}, "Arcanine": {}, "Hitmonlee": {}, "Gyarados": {}, "Magneton": {}, "Raichu": {}, "Onix": {}, "Kabutops": {}, "Pidgeot": {}, "Dodrio": {}, "Togetic": {}, "Cyndaquil": {}, "Vileplume": {}, "Jumpluff": {}, "Primeape": {}, "Sudowoodo": {}, "Victreebel": {}, "Poliwrath": {}, "Tauros": {}, "Hitmontop": {}, "Ditto": {}, "Dewgong": {}, "Wobbuffet": {}, "Quilava": {}, "Noctowl": {}, "Totodile": {}, "Xatu": {}, "Politoed": {}, "Aipom": {}, "Sunflora": {}, "Delibird": {}, "Mr. Mime": {}, "Rattata": {}, "Mantine": {}, "Flareon": {}, "Graveler": {}, "Girafarig": {}, "Voltorb": {}, "Hypno": {}, "Piloswine": {}, "Geodude": {}, "Qwilfish": {}, "Slowking": {}, "Crobat": {}, "Bellossom": {}, "Charmeleon": {}, "Charmander": {}, "Wigglytuff": {}, "Furret": {}, "Farfetch'd": {}, "Bayleef": {}, "Venomoth": {}, "Dugtrio": {}, "Haunter": {}, "Kangaskhan": {}, "Clefable": {}, "Ledian": {}, "Dunsparce": {}, "Electabuzz": {}, "Lanturn": {}, "Fearow": {}, "Arbok": {}, "Kingler": {}, "Wartortle": {}, "Murkrow": {}, "Magmar": {}, "Pidgeotto": {}, "Weepinbell": {}, "Rapidash": {}, "Pinsir": {}, "Yanma": {}, "Flaaffy": {}, "Azumarill": {}, "Ariados": {}, "Slowpoke": {}, "Dragonair": {}, "Dratini": {}, "Nidoqueen": {}, "Lickitung": {}, "Magcargo": {}, "Seadra": {}, "Horsea": {}, "Hitmonchan": {}, "Butterfree": {}, "Sneasel": {}, "Kadabra": {}, "Sandslash": {}, "Ekans": {}, "Wooper": {}, "Golbat": {}, "Beedrill": {}, "Smoochum": {}, "Weezing": {}, "Raticate": {}, "Pineco": {}, "Snubbull": {}, "Bulbasaur": {}, "Abra": {}, "Golduck": {}, "Nidorino": {}, "Stantler": {}, "Cubone": {}}