{"Groudon": {"Latios": 0.4073593137393767, "Mewtwo": 0.3815593432483475, "Exeggutor": 0.2887938309726157, "Kyogre": 0.2836489133616619, "Latias": 0.28651230689329554, "Weezing": 0.0572588418319169, "Lugia": 0.029378645892351278, "Ludicolo": 0.056718986071765815, "Sceptile": 0.056570792020774315, "Flygon": 0.05421157932011332}, "Kyogre": {"Latios": 0.525815798256036, "Latias": 0.3962976734416769, "Blissey": 0.2780205875800908, "Mewtwo": 0.19990579051215682, "Zapdos": 0.05132499745406713, "Shedinja": 0.09965270929689822}, "Latios": {"Deoxys-Attack": 0.5559442676905169, "Blissey": 0.42580966740514054, "Snorlax": 0.3955064301672831, "Mewtwo": 0.38206482943131265, "Regice": 0.20737324296415896, "Shedinja": 0.16296094099093178}, "Snorlax": {"Groudon": 0.30093358832210704, "Skarmory": 0.2892083896541286, "Metagross": 0.2811446694543253, "Deoxys-Attack": 0.20294463369408913, "Heracross": 0.048750434799061534, "Tyranitar": 0.04790096401271474}, "Deoxys-Attack": {"Rayquaza": 0.42731595715608556, "Groudon": 0.23454466370802, "Metagross": 0.26951698873004043, "Ho-Oh": 0.17758767238069428, "Shiftry": 0.048524576190798835, "Exeggutor": 0.04787011315129751, "Kyogre": 0.047230941007746684, "Jirachi": 0.04571796587393004}, "Mewtwo": {"Deoxys-Attack": 0.3769821234056778, "Snorlax": 0.2417283151614894, "Tyranitar": 0.09529233555338408}, "Latias": {"Snorlax": 0.37530775179694525, "Deoxys-Attack": 0.29337531828391733, "Metagross": 0.10275422776280324, "Shedinja": 0.10661144362084456, "Blissey": 0.031535223719676556, "Mewtwo": 0.12052993216531896}, "Metagross": {"Groudon": 0.3817324841554147, "Kyogre": 0.2913132732354446, "Ho-Oh": 0.2512453412982718}, "Blissey": {"Heracross": 0.3993926169161187, "Deoxys-Attack": 0.4303520828087845, "Snorlax": 0.43098963677903673, "Groudon": 0.4299970879377068, "Metagross": 0.34143708653890986, "Rayquaza": 0.30260167552571454, "Forretress": 0.30196078682333194, "Victreebel": 0.10847014174476616, "Skarmory": 0.13447355154567073, "Tyranitar": 0.13498970392129436, "Dugtrio": 0.0402564617429011, "Slaking": 0.05786117638830606, "Breloom": 0.04033106728213737}, "Ho-Oh": {"Tyranitar": 0.28288606104066016, "Kyogre": 0.3215830877616747, "Blissey": 0.13513020783011273, "Aerodactyl": 0.1088607518115942, "Dugtrio": 0.055025634057971014, "Rayquaza": 0.1771563347926731}, "Forretress": {"Kyogre": 0.5065774909327629, "Ho-Oh": 0.4281497235655166, "Gengar": 0.2371523988654329, "Mewtwo": 0.37378449944201614, "Groudon": 0.3800364561052729, "Latios": 0.22687477424904676, "Magneton": 0.202351857621129, "Heracross": 0.08741471542825258, "Mew": 0.08313309030038128, "Cloyster": 0.11104162373291175, "Jirachi": 0.05752244094671255, "Registeel": 0.04742737515112062}, "Rayquaza": {"Mewtwo": 0.18917217868140213, "Latios": 0.27530933795925255, "Kyogre": 0.21959733876070361, "Latias": 0.1840984886320496, "Lugia": 0.15465938077361116}, "Skarmory": {"Magneton": 0.28793774319066145, "Mewtwo": 0.38045479068831345, "Kyogre": 0.47703439487454713, "Latios": 0.4579918583120891, "Ho-Oh": 0.29855059506239096, "Forretress": 0.23019741781832823, "Gengar": 0.11917702468804509, "Latias": 0.16859967731114986}, "Lugia": {"Magneton": 0.1160491374918116, "Mewtwo": 0.2838215139384234, "Latios": 0.28749467501273746, "Skarmory": 0.18631588761918624, "Kyogre": 0.12695056918261882, "Starmie": 0.04432264356940097, "Latias": 0.04529151393842347, "Forretress": 0.04342693099934493, "Zapdos": 0.04298192517650484}, "Tyranitar": {"Kyogre": 0.34078434902054466, "Groudon": 0.37417227066411846, "Deoxys-Attack": 0.12331826923076923, "Metagross": 0.10409326923076923}, "Gengar": {"Mewtwo": 0.22600820579054998, "Deoxys-Attack": 0.1941087062748897, "Groudon": 0.03951014853083629}, "Wobbuffet": {"Groudon": 0.3496300915575429, "Kyogre": 0.3461465639305866, "Forretress": 0.24837574736505913, "Ho-Oh": 0.2530768173107633, "Latias": 0.3328101256254658, "Blissey": 0.2656589119557117, "Latios": 0.24166486106675183, "Skarmory": 0.1632957356542106, "Lugia": 0.19587578675609496, "Deoxys-Defense": 0.155979510273608, "Rayquaza": 0.047179322367720634, "Deoxys-Attack": 0.04642567017992122, "Snorlax": 0.03640520068135846, "Heracross": 0.0913978494623656, "Gengar": 0.06424994623655914}, "Deoxys-Defense": {"Heracross": 0.2270687567379586, "Kyogre": 0.3076597217875152, "Groudon": 0.19875757781255435, "Deoxys-Attack": 0.12668269953051642, "Tyranitar": 0.03730633281168492}, "Magneton": {"Groudon": 0.30768707357433805, "Latios": 0.25064161914460287, "Latias": 0.11540607433808554, "Rayquaza": 0.0570794717413442, "Mewtwo": 0.07575140911405297, "Deoxys-Attack": 0.047608136456211814}, "Heracross": {"Rayquaza": 0.28984720470236985, "Lugia": 0.11038211420041051, "Skarmory": 0.05563889718231014}, "Cloyster": {"Kyogre": 0.051688734939759035, "Mewtwo": 0.22487756024096384, "Latios": 0.16346170933734938, "Ho-Oh": 0.1032851656626506}, "Salamence": {"Mewtwo": 0.1625818309447207, "Kyogre": 0.15502809593448377, "Latios": 0.19761436677391048, "Latias": 0.11882860778005266}, "Glalie": {}, "Qwilfish": {}, "Ninjask": {"Kyogre": 0.32362942173913045, "Rayquaza": 0.2909974173913043, "Snorlax": 0.13713416086956523, "Lugia": 0.1169532695652174, "Groudon": 0.04048605652173914, "Mewtwo": 0.2169054086956522, "Ho-Oh": 0.19033415652173913, "Metagross": 0.09009758260869564, "Latios": 0.07387721739130436}, "Mew": {}, "Shedinja": {"Groudon": 0.30494895682267636, "Ho-Oh": 0.2093592946605142, "Rayquaza": 0.21818645517468685, "Lugia": 0.054673131179960456, "Skarmory": 0.1342816166776533, "Metagross": 0.21090415787738956, "Forretress": 0.040978918918918916, "Snorlax": 0.04410130355965721}, "Armaldo": {}, "Jirachi": {"Groudon": 0.29151564977973565, "Ho-Oh": 0.024856828193832597}, "Slaking": {}, "Umbreon": {"Groudon": 0.04661833406787132, "Ho-Oh": 0.039478096077567214, "Kyogre": 0.09170658880564124}, "Exeggutor": {}, "Dusclops": {"Kyogre": 0.2162014127686473, "Ho-Oh": 0.04720758533501897}, "Regice": {"Metagross": 0.0497944074074074}, "Celebi": {"Rayquaza": 0.11377031836921668, "Latios": 0.10894045121392579, "Ho-Oh": 0.05592166743014201, "Deoxys-Attack": 0.051831310123683014, "Mewtwo": 0.03725672240036647}, "Deoxys-Speed": {"Kyogre": 0.3325685566670331, "Groudon": 0.2866825656809937, "Snorlax": 0.21999256568099376, "Ho-Oh": 0.1787318610530944, "Rayquaza": 0.11479343519841707, "Metagross": 0.1243722831702759}, "Breloom": {"Mewtwo": 0.21568073348264277, "Latios": 0.15126506159014558}, "Steelix": {}, "Scizor": {"Ho-Oh": 0.10282632352941176, "Kyogre": 0.08704323529411764, "Groudon": 0.07301911764705882}, "Omastar": {"Kyogre": 0.20155690798858772, "Latios": 0.033657389443651924}, "Dugtrio": {"Deoxys-Attack": 0.20957150485436896, "Mewtwo": 0.14278542233009708, "Latios": 0.10245223786407766, "Lugia": 0.061306951456310675, "Groudon": 0.10288719902912621, "Kyogre": 0.05983124271844661}, "Kabutops": {}, "Zapdos": {"Latias": 0.14288798765432098, "Blissey": 0.05244366666666667, "Latios": 0.1466169814814815}, "Swampert": {"Kyogre": 0.17059263878326997}, "Ludicolo": {}, "Jumpluff": {}, "Smeargle": {}, "Registeel": {"Groudon": 0.1467784002361275}, "Victreebel": {}, "Tauros": {}, "Aerodactyl": {}, "Kingdra": {"Blissey": 0.046306835831062675, "Kyogre": 0.04775678474114441}, "Quagsire": {}, "Deoxys": {}, "Flygon": {"Latios": 0.15017191011235953}, "Jynx": {}, "Gyarados": {"Latios": 0.05506459731543624}, "Shiftry": {}, "Suicune": {}, "Weezing": {"Ho-Oh": 0.07191732824427481}, "Starmie": {}, "Tentacruel": {}, "Alakazam": {}, "Charizard": {"Latios": 0.10144329949238579, "Kyogre": 0.20762978970268312}, "Jolteon": {"Blissey": 0.0820867896060352, "Groudon": 0.07879295892707461}, "Blaziken": {"Kyogre": 0.14630140690817187, "Latios": 0.14849059814658802}, "Sceptile": {"Mewtwo": 0.10116847826086957, "Latios": 0.16323353260869566}, "Raikou": {}, "Milotic": {"Blissey": 0.11979950877192984, "Kyogre": 0.11185249122807019, "Latios": 0.11132336842105263}, "Houndoom": {}, "Miltank": {}, "Lanturn": {}, "Wynaut": {"Snorlax": 0.08248877064220182}, "Arcanine": {},