{"Tentacruel": {"Muk": 0.13219261392228124, "Kangaskhan": 0.31785223138570495, "Manectric": 0.28157213214052745, "Electabuzz": 0.24787810875034946, "Electrode": 0.1857004137545429, "Ampharos": 0.21638646211909418, "Lanturn": 0.1320383841207716, "Hypno": 0.177896443947442, "Slowking": 0.08406883654831795, "Grumpig": 0.05184699468828627, "Quagsire": 0.051807416829745594, "Scyther": 0.03306671232876712, "Linoone": 0.03091674867207157}, "Hypno": {"Kangaskhan": 0.24843183523555123, "Sharpedo": 0.09256793406993688, "Banette": 0.12140473227294803, "Scyther": 0.23938670956775135, "Aggron": 0.06295923263720253, "Absol": 0.03444577343370568, "Nidoking": 0.054348820422535214}, "Cradily": {"Primeape": 0.07126785280151947, "Hitmontop": 0.1126395584045584, "Hitmonlee": 0.044998105413105415, "Walrein": 0.14320328110161443, "Vileplume": 0.03997677207977207, "Gligar": 0.039402752136752144}, "Misdreavus": {"Linoone": 0.05969765191848724, "Kangaskhan": 0.15151501009730126, "Manectric": 0.05663738663484487}, "Omastar": {"Electabuzz": 0.3205148054632407, "Tentacruel": 0.49589812758369134, "Manectric": 0.2837024625111454, "Grumpig": 0.105710373267407, "Poliwrath": 0.07257810326659642, "Electrode": 0.3056937022777012, "Ampharos": 0.36937794358433973, "Lanturn": 0.3377114180919186, "Walrein": 0.29317618464780737, "Mr. Mime": 0.06570329131879711, "Meganium": 0.0603083679176461, "Haunter": 0.057401412012644884, "Vileplume": 0.15787813082597066, "Victreebel": 0.051872578422631106, "Gorebyss": 0.04217965469725217, "Blastoise": 0.09276333306314338, "Hitmonlee": 0.06196072262300398, "Ninetales": 0.01771342263110967, "Hitmontop": 0.031950483910188864, "Glalie": 0.02758302991002675}, "Altaria": {"Walrein": 0.35040828094620863, "Lunatone": 0.12101135936487363, "Tentacruel": 0.07460731286454957, "Omastar": 0.19735420042125726, "Electabuzz": 0.031423908781594304, "Blastoise": 0.030210318373298767}, "Scyther": {"Arcanine": 0.07648478009454668, "Gligar": 0.08114750379875063, "Aggron": 0.10204080828971804, "Granbull": 0.046186083910180656, "Omastar": 0.10812058289718049, "Walrein": 0.09591707327367889, "Altaria": 0.07789798666216446, "Ninetales": 0.028341861809893634, "Electrode": 0.05661636923856154, "Linoone": 0.028337518149586363}, "Kangaskhan": {"Primeape": 0.24070799014642233, "Hitmonlee": 0.1715605640482549, "Scyther": 0.1607473068422507, "Hitmontop": 0.15437896215121094, "Omastar": 0.07334144580532277, "Granbull": 0.10434374435951745, "Linoone": 0.02838455843079473, "Sandslash": 0.027372667833133812}, "Ampharos": {"Nidoking": 0.3087152944131833, "Kangaskhan": 0.2726106521302251, "Nidoqueen": 0.08976889067524116, "Cradily": 0.09891126607717042, "Vileplume": 0.08323056270096463, "Gligar": 0.026418508842443726, "Hitmonlee": 0.03819706893086817}, "Solrock": {"Omastar": 0.24085919681177195, "Walrein": 0.03177724248927039, "Blastoise": 0.028570364806866956, "Cradily": 0.02528877682403433}, "Gligar": {"Quagsire": 0.09109447549378201, "Blastoise": 0.13605434089246526, "Slowking": 0.06360007022677396, "Lunatone": 0.18113911631309434, "Walrein": 0.24962232626188735, "Electrode": 0.060508152158010246, "Electabuzz": 0.10439065106071689, "Tentacruel": 0.05705020336503292, "Manectric": 0.09704839502560351, "Altaria": 0.08656573518653986}, "Granbull": {"Omastar": 0.19087973724378546, "Lunatone": 0.08676723942433494, "Hitmonlee": 0.021946641953772352, "Arcanine": 0.024139133231574357}, "Nidoking": {"Blastoise": 0.05375690605662854, "Walrein": 0.19816280423776483, "Hitmonlee": 0.07862053815863491, "Fearow": 0.038623038627414216, "Granbull": 0.03451271329458091, "Kangaskhan": 0.03011548846802925}, "Lunatone": {"Slowking": 0.09991277735658327, "Blastoise": 0.04423634066211777, "Kangaskhan": 0.0644719282284559}, "Quagsire": {"Walrein": 0.04759602184087364, "Misdreavus": 0.04028316692667707, "Arcanine": 0.04167686947477899}, "Fearow": {"Lunatone": 0.053554394155381324, "Omastar": 0.21455207412687102, "Aggron": 0.049446949394155386, "Solrock": 0.08092254098360657}, "Aggron": {"Omastar": 0.20960825992255566, "Gligar": 0.08499191795740561, "Nidoking": 0.08040424491771538, "Sandslash": 0.050484569215876095, "Blastoise": 0.03928864109390126}, "Manectric": {"Cradily": 0.2156766777012712, "Ampharos": 0.14653757680084747, "Lanturn": 0.08780890889830509, "Camerupt": 0.04169114141949152, "Kangaskhan": 0.025252821769067794}, "Walrein": {"Lanturn": 0.11737222314737719, "Hitmonlee": 0.08753730890924231, "Manectric": 0.13300151540383012, "Electrode": 0.09977903830141549, "Electabuzz": 0.07890000333055787, "Slowking": 0.05237697252289759, "Kangaskhan": 0.04847002830974188, "Primeape": 0.043496631973355536, "Ampharos": 0.04303225228975853, "Grumpig": 0.04229592422980849}, "Feraligatr": {}, "Arcanine": {"Tentacruel": 0.3577199624226348, "Camerupt": 0.16006231211317418, "Blastoise": 0.1403412555260831, "Walrein": 0.1362251337312113, "Linoone": 0.1305314854111406, "Qwilfish": 0.07178327586206895, "Mantine": 0.06745944076038904, "Slowking": 0.057853406277630415}, "Golem": {"Gligar": 0.07692994761171033}, "Slowking": {"Scyther": 0.17235998110831238, "Ampharos": 0.0761848362720403}, "Lanturn": {"Kangaskhan": 0.33305478601807553, "Hitmonlee": 0.0836201687931951, "Nidoqueen": 0.08219630515683146, "Nidoking": 0.0703260167464115, "Vileplume": 0.10137634768740034, "Cradily": 0.09791056751727803, "Meganium": 0.10458854465709727, "Hypno": 0.060981093833067525, "Gligar": 0.03951904704944179, "Quagsire": 0.03319028973950027}, "Hitmontop": {"Gligar": 0.3554836155531215, "Lunatone": 0.10024292661555313, "Slowking": 0.05907900109529025, "Hypno": 0.12863420810514786, "Scyther": 0.11466207667031762, "Altaria": 0.03220236144578313, "Linoone": 0.03477684118291347, "Fearow": 0.03225555750273823}, "Xatu": {}, "Golduck": {}, "Clefable": {}, "Electrode": {"Cradily": 0.21173402419569262, "Lanturn": 0.054247822387662854}, "Haunter": {"Misdreavus": 0.0982021474067334}, "Primeape": {"Scyther": 0.11333397530864198}, "Hitmonlee": {"Gligar": 0.24323870137139658, "Scyther": 0.1962896753428491, "Vileplume": 0.04253950181919955, "Altaria": 0.03167395465994962}, "Grumpig": {"Kangaskhan": 0.07361815356959424, "Scyther": 0.03662221366204417}, "Mr. Mime": {"Scyther": 0.10914486743173724, "Kangaskhan": 0.05868598337950138}, "Cacturne": {}, "Qwilfish": {"Electrode": 0.14232847625052544, "Manectric": 0.12651575662042877, "Fearow": 0.06721044136191677, "Nidoking": 0.16035757145859605, "Electabuzz": 0.10122982976040354, "Misdreavus": 0.0445322772173182, "Hitmonlee": 0.03805024800336275, "Lanturn": 0.026935418242959225}, "Glalie": {"Arcanine": 0.15919453063885267, "Hitmontop": 0.06896370273794002}, "Sandslash": {"Walrein": 0.07300196648044692, "Gligar": 0.06536835754189944, "Tentacruel": 0.0421962122905028}, "Electabuzz": {"Ampharos": 0.15082513755158183, "Hypno": 0.15080397524071526, "Camerupt": 0.10526834250343879, "Kangaskhan": 0.13708773842274186, "Cradily": 0.14721577487391105}, "Banette": {"Granbull": 0.04601095369349504}, "Pinsir": {"Scyther": 0.06593460272684531}, "Mantine": {"Tentacruel": 0.0980048787584869, "Ampharos": 0.06058684772065956}, "Camerupt": {"Walrein": 0.10929815522145468, "Omastar": 0.04753443315725314, "Kangaskhan": 0.049227458350264125}, "Blastoise": {"Electabuzz": 0.06106215596330276, "Ampharos": 0.05166503669724771, "Slowking": 0.05050593119266056, "Tentacruel": 0.1320779113149847, "Lanturn": 0.09670388532110091}, "Magmar": {"Tentacruel": 0.047068459167950695}, "Linoone": {}, "Muk": {"Nidoking": 0.0815570068027211}, "Raichu": {}, "Mawile": {}, "Metang": {}, "Vileplume": {"Arcanine": 0.16985514076576574, "Scyther": 0.09262981606606606, "Camerupt": 0.09862314283033033, "Gligar": 0.049241658220720734}, "Sableye": {}, "Gorebyss": {}, "Huntail": {}, "Kabutops": {}, "Sharpedo": {"Ampharos": 0.05700723618090452, "Tentacruel": 0.04114733668341708}, "Meganium": {"Arcanine": 0.11079196857670981, "Scyther": 0.07353792975970425}, "Nidoqueen": {}, "Ninjask": {}, "Ninetales": {"Tentacruel": 0.08252149171270717},