{"Delcatty": {"Hitmonchan": 0.09333765567765567}, "Octillery": {}, "Minun": {}, "Cubone": {}, "Mawile": {"Flareon": 0.23316269964243147, "Wailord": 0.10533460369487485, "Haunter": 0.09229586710369488, "Hitmonchan": 0.13533999702026223, "Torkoal": 0.08524491954707986}, "Ariados": {}, "Arbok": {"Haunter": 0.3215628276131045, "Chimecho": 0.10108941107644305}, "Flareon": {"Sudowoodo": 0.12917716047548292, "Pupitar": 0.17370612035661218, "Huntail": 0.1270555497771174, "Wailord": 0.25776745319465083, "Dewgong": 0.24697023031203563, "Vigoroth": 0.09714516196136701, "Hitmonchan": 0.22173959732540863, "Whiscash": 0.08804850668647844, "Diglett": 0.05729242199108469, "Pidgeot": 0.05023989895988113}, "Tangela": {}, "Hitmonchan": {"Golbat": 0.3923176382978724, "Tropius": 0.24555392056737588, "Pidgeot": 0.31250973475177307, "Gloom": 0.10318867517730496, "Haunter": 0.19070572056737592, "Murkrow": 0.22379571631205672, "Sableye": 0.18497659432624114, "Tangela": 0.08725159432624113}, "Pidgeot": {"Haunter": 0.29387609919571045, "Shuckle": 0.08855366621983915, "Relicanth": 0.06801611930294907}, "Seadra": {"Haunter": 0.10176364942528736}, "Voltorb": {}, "Diglett": {"Bellossom": 0.1110170025188917, "Haunter": 0.15173322418136023}, "Bellossom": {"Flareon": 0.17970775569687336, "Torkoal": 0.09128567302596714, "Murkrow": 0.09128567302596714}, "Glalie": {"Relicanth": 0.12313732970027248, "Sudowoodo": 0.11557088828337873, "Metang": 0.3173709972752044, "Torkoal": 0.1423760490463215, "Mawile": 0.0966832970027248}, "Raticate": {"Relicanth": 0.11054407774390242, "Pupitar": 0.09985349085365854, "Metang": 0.08974573170731708}, "Togetic": {}, "Machoke": {}, "Dewgong": {"Hitmonchan": 0.3502383598856209}, "Parasect": {}, "Onix": {}, "Roselia": {"Chimecho": 0.34510086657946365, "Pidgeot": 0.2783159826684107, "Murkrow": 0.08516941628515368, "Flareon": 0.31047950457815565, "Haunter": 0.2936076357096141, "Raticate": 0.22299218443427074, "Golbat": 0.07887155003270112, "Glalie": 0.15437343852190974, "Dewgong": 0.06874743296272073, "Metang": 0.1601480052321779, "Grovyle": 0.08059032047089601, "Yanma": 0.07579993459777633}, "Kecleon": {"Hitmonchan": 0.13128444134078213, "Metang": 0.1003577653631285}, "Haunter": {"Chimecho": 0.19247221701921524, "Pupitar": 0.09942391732601323, "Raticate": 0.22477222347812048, "Flareon": 0.09511278540287423}, "Chimecho": {"Murkrow": 0.1935553215077605, "Crawdaunt": 0.09782706485587583, "Houndour": 0.09454323725055433, "Raticate": 0.08431235449002217, "Sableye": 0.13743545315964523, "Cacturne": 0.08348736141906873}, "Relicanth": {"Bellossom": 0.11829797687861272, "Haunter": 0.0872951098265896}, "Sudowoodo": {}, "Plusle": {"Roselia": 0.09982350961538461, "Hitmonchan": 0.09368649038461538}, "Venomoth": {}, "Grovyle": {}, "Wailord": {"Pikachu": 0.12545330645161293, "Plusle": 0.2006974046920821, "Haunter": 0.09795204545454546}, "Pupitar": {}, "Dunsparce": {"Hitmonchan": 0.10520526666666669}, "Eevee": {}, "Illumise": {}, "Clamperl": {}, "Cacturne": {"Pidgeot": 0.18646280021834064, "Hitmonchan": 0.2910935480349345, "Flareon": 0.26011385917030566, "Golbat": 0.11127860262008732, "Torkoal": 0.11123545851528385, "Glalie": 0.13846960152838428, "Yanma": 0.04258861899563319}, "Crawdaunt": {"Haunter": 0.22448521916411823, "Hitmonchan": 0.21624951580020385, "Bellossom": 0.11204245667686034}, "Croconaw": {}, "Yanma": {}, "Magnemite": {}, "Wartortle": {}, "Charmeleon": {}, "Seviper": {}, "Shelgon": {}, "Ledian": {"Haunter": 0.1489562831858407, "Flareon": 0.12254575221238938}, "Castform": {}, "Metang": {"Torkoal": 0.17416138091467037, "Whiscash": 0.05239398732924173, "Wailord": 0.04842549693130073}, "Torkoal": {"Octillery": 0.107322238410596, "Wailord": 0.23270482119205296}, "Sableye": {"Pupitar": 0.07588795481335953, "Wailord": 0.2053568290766208, "Octillery": 0.07089483497053045, "Metang": 0.060422049115913555, "Cacturne": 0.09269914341846758, "Roselia": 0.07404891552062869}, "Pikachu": {}, "Whiscash": {"Cacturne": 0.11474594444444443, "Chimecho": 0.09262114814814815, "Roselia": 0.04100311111111111}, "Vigoroth": {}, "Huntail": {"Haunter": 0.08508089655172414}, "Piloswine": {"Dewgong": 0.08314402173913044}, "Houndour": {"Hitmonchan": 0.1765051898734177}, "Tropius": {}, "Gloom": {}, "Shuckle": {}, "Kingler": {"Haunter": 0.12624133433283358}, "Loudred": {}, "Murkrow": {"Pupitar": 0.1463501951951952, "Haunter": 0.18673614864864865}, "Ponyta": {}, "Golbat": {"Pupitar": 0.12492368852459017, "Haunter": 0.27307449453551913, "Metang": 0.10454418032786886}, "Volbeat": {}, "Furret": {}, "Magcargo": {"Wailord": 0.13850687622789784}, "Seaking": {}, "Pelipper": {}, "Lairon": {}, "Graveler": {}, "Abra": {}, "Lickitung": {}, "Magby": {}, "Meditite": {}, "Chinchou": {}, "Butterfree": {}, "Koffing": {}, "Farfetch'd": {}, "Lombre": {}, "Poliwhirl": {}, "Mightyena": {}, "Sunflora": {}, "Swalot": {}, "Shedinja": {}, "Beedrill": {}, "Dustox": {}, "Dragonair": {}, "Wigglytuff": {}, "Aipom": {}, "Masquerain": {}, "Corsola": {}, "Ditto": {}, "Spinda": {}, "Delibird": {}, "Beautifly": {}, "Noctowl": {}, "Trapinch": {}, "Combusken": {}, "Nosepass": {}, "Luvdisc": {}, "Bayleef": {}, "Weepinbell": {}, "Duskull": {}, "Quilava": {}, "Marshtomp": {}, "Vibrava": {}, "Surskit": {}, "Mankey": {}, "Pineco": {}, "Marill": {}, "Doduo": {}, "Lileep": {}, "Gastly": {}, "Sealeo": {}, "Zigzagoon": {}, "Tentacool": {}, "Ivysaur": {}, "Snorunt": {}, "Elekid": {}, "Shroomish": {}, "Unown": {}, "Togepi": {}, "Porygon": {}, "Geodude": {}, "Anorith": {}, "Baltoy": {}, "Grimer": {}, "Growlithe": {}, "Cacnea": {}, "Cleffa": {}, "Wailmer": {}, "Shellder": {}, "Igglybuff": {}, "Hoothoot": {}, "Skiploom": {}, "Omanyte": {}, "Taillow": {}, "Drowzee": {}, "Kirlia": {}, "Azurill": {}, "Shuppet": {}, "Nidorina": {}, "Sandshrew": {}, "Flaaffy": {}, "Nuzleaf": {}, "Cyndaquil": {}, "Rhyhorn": {}, "Staryu": {}, "Magikarp": {}, "Electrike": {}, "Meowth": {}, "Charmander": {}, "Pichu": {}, "Torchic": {}, "Clefairy": {}}