{"Tauros": {}, "Regirock": {"Cacturne": 0.15977539936102236, "Sandslash": 0.15003661341853033, "Golem": 0.14316115015974443, "Hitmonchan": 0.13644517571884981, "Gligar": 0.12858038338658148}, "Gligar": {"Slowking": 0.15120240445859875, "Haunter": 0.13675366242038214}, "Haunter": {}, "Sandslash": {"Gardevoir": 0.14268313298271976, "Slowking": 0.13441683696468823, "Charizard": 0.13097503380916603}, "Hitmonchan": {"Charizard": 0.29603480916030533, "Medicham": 0.13303312977099235, "Gardevoir": 0.1295819338422392}, "Quagsire": {}, "Gabite": {}, "Sableye": {}, "Medicham": {}, "Skuntank": {"Regirock": 0.33804379733879225, "Tauros": 0.13476740532241555}, "Cacturne": {"Hitmonchan": 0.13593687872763419}, "Drifblim": {}, "Lopunny": {}, "Bastiodon": {}, "Gardevoir": {"Skuntank": 0.3490038638542665}, "Magneton": {}, "Sharpedo": {}, "Manectric": {}, "Stantler": {}, "Camerupt": {}, "Slowking": {"Cacturne": 0.1650459618717504, "Shiftry": 0.16447694974003468, "Skuntank": 0.1391134835355286, "Magneton": 0.12872402079722703}, "Jynx": {}, "Bellossom": {}, "Venomoth": {}, "Jumpluff": {}, "Mantine": {}, "Glalie": {"Regirock": 0.13717540760869565}, "Charizard": {"Slowking": 0.28261109413202934, "Regirock": 0.27482630399348, "Tauros": 0.1303746434392828}, "Typhlosion": {"Slowking": 0.1553756517094017}, "Togetic": {}, "Walrein": {}, "Floatzel": {"Slowking": 0.12710279373368144}, "Roselia": {}, "Rhydon": {}, "Grumpig": {}, "Banette": {}, "Golem": {}, "Fearow": {}, "Kadabra": {}, "Arbok": {}, "Hypno": {}, "Muk": {}, "Marowak": {}, "Porygon2": {}, "Magcargo": {}, "Magmortar": {}, "Machoke": {}, "Shiftry": {}, "Metang": {}, "Sneasel": {}, "Linoone": {}, "Bibarel": {}, "Kingler": {}, "Cradily": {"Hitmonchan": 0.16893676767676766}, "Electabuzz": {}, "Kabuto": {}, "Beautifly": {}, "Politoed": {}, "Ampharos": {}, "Lapras": {}, "Rattata": {}, "Nidoqueen": {"Slowking": 0.1733900293255132, "Sandslash": 0.12880615835777126, "Gardevoir": 0.12856935483870965}, "Articuno": {}, "Dusclops": {"Charizard": 0.12553445161290322}, "Electrode": {}, "Vileplume": {}, "Persian": {"Regirock": 0.1508275}, "Dodrio": {"Regirock": 0.12697}, "Rampardos": {}, "Lickilicky": {"Hitmonchan": 0.1471675}, "Armaldo": {}, "Victreebel": {}, "Gastrodon": {}, "Whiscash": {}, "Regigigas": {}, "Parasect": {}, "Crawdaunt": {}, "Piloswine": {}, "Raichu": {}, "Granbull": {}, "Gorebyss": {}, "Regice": {}, "Monferno": {}, "Meganium": {}, "Rapidash": {}, "Pinsir": {}, "Probopass": {}, "Poliwrath": {}, "Solrock": {}, "Dragonair": {}, "Slaking": {}, "Glaceon": {}, "Luxray": {}, "Shuckle": {}, "Relicanth": {}, "Tangela": {}, "Torkoal": {}, "Pikachu": {}, "Dunsparce": {}, "Misdreavus": {}, "Purugly": {}, "Ninetales": {}, "Dewgong": {}, "Ariados": {}, "Shedinja": {}, "Diglett": {}, "Butterfree": {}, "Vigoroth": {}, "Wailord": {}, "Huntail": {}, "Flareon": {}, "Octillery": {}, "Ditto": {}, "Shelgon": {}, "Lunatone": {}, "Mawile": {}, "Murkrow": {}, "Chatot": {}, "Tropius": {}, "Wigglytuff": {}, "Golduck": {}, "Pelipper": {}, "Clamperl": {}, "Mr. Mime": {}, "Wormadam-Trash": {}, "Xatu": {}, "Cherrim": {}, "Vespiquen": {}, "Carnivine": {}, "Zangoose": {}, "Phione": {}, "Mightyena": {}, "Chimecho": {}, "Corsola": {}, "Kecleon": {}, "Castform": {}, "Golbat": {}, "Farfetch'd": {}, "Masquerain": {}, "Volbeat": {}, "Exploud": {}, "Prinplup": {}, "Clefairy": {}, "Minun": {}, "Staryu": {}, "Raticate": {}, "Gastly": {}, "Dustox": {}, "Lumineon": {}, "Beedrill": {}, "Ledian": {}, "Delcatty": {}, "Houndour": {}, "Girafarig": {}, "Luvdisc": {}, "Onix": {}, "Furret": {}, "Lairon": {}, "Sudowoodo": {}, "Wailmer": {}, "Pidgeot": {}, "Totodile": {}, "Eevee": {}, "Gloom": {}, "Munchlax": {}, "Growlithe": {}, "Aron": {}, "Mudkip": {}, "Vibrava": {}, "Meditite": {}, "Wartortle": {}, "Chikorita": {}, "Trapinch": {}, "Wormadam": {}, "Jigglypuff": {}, "Anorith": {}, "Mothim": {}, "Bronzor": {}, "Seadra": {}, "Pichu": {}, "Magby": {}, "Turtwig": {}, "Delibird": {}, "Treecko": {}, "Kricketune": {}, "Noctowl": {}, "Cyndaquil": {}, "Flaaffy": {}, "Torchic": {}, "Magmar": {}, "Wormadam-Sandy": {}}