{"Garbodor": {"Musharna": 0.29504667400440265, "Golurk": 0.3285979397638583, "Gardevoir": 0.2742849079447669, "Charizard": 0.24862805983590153, "Golem": 0.2083723784270562, "Piloswine": 0.24843372323394036, "Kadabra": 0.1353745497298379, "Haunter": 0.10598524014408646, "Misdreavus": 0.09630483490094056, "Exeggutor": 0.09528772163297979}, "Mandibuzz": {"Charizard": 0.07412727272727272}, "Tauros": {}, "Camerupt": {"Alomomola": 0.10434567404426559}, "Miltank": {}, "Seismitoad": {"Roselia": 0.11418845637583892, "Sawsbuck": 0.10694174496644296, "Serperior": 0.1454447345942648, "Ludicolo": 0.09455194630872484, "Cradily": 0.08213959731543624, "Charizard": 0.12507580231848686, "Eelektross": 0.05158871262965223}, "Skuntank": {"Golem": 0.20635731595092027, "Sawk": 0.25567773517382414, "Gurdurr": 0.10688098159509202, "Piloswine": 0.10674957055214723, "Seismitoad": 0.10031407975460123}, "Rotom-Fan": {}, "Piloswine": {"Alomomola": 0.28240903724747474, "Samurott": 0.10129725378787878, "Kangaskhan": 0.08975703914141414, "Seismitoad": 0.06500998106060606}, "Primeape": {"Gurdurr": 0.09169196645702307, "Alomomola": 0.04832675890985326}, "Musharna": {"Skuntank": 0.21420486268174474, "Golurk": 0.08557205977382874}, "Duosion": {}, "Gurdurr": {"Charizard": 0.24217420302013423, "Gardevoir": 0.12025809563758391}, "Samurott": {}, "Golurk": {"Samurott": 0.26070601296596435, "Mandibuzz": 0.2427360048622366, "Serperior": 0.16521458400864397, "Ludicolo": 0.09607962722852512, "Exeggutor": 0.09592582117774176, "Misdreavus": 0.08673709886547812, "Weezing": 0.08668952998379255, "Charizard": 0.08626775256618045, "Tangela": 0.08178517828200972, "Sawsbuck": 0.08085917071853052, "Alomomola": 0.10431391410048622, "Piloswine": 0.06215640194489465}, "Roselia": {"Charizard": 0.27769562610229276, "Skuntank": 0.14851982363315697}, "Kadabra": {"Kangaskhan": 0.09315196078431372, "Skuntank": 0.09315196078431372}, "Swellow": {"Regirock": 0.11755781680440772, "Alomomola": 0.09269238980716255}, "Tangela": {"Charizard": 0.13755328395061728}, "Torkoal": {}, "Golbat": {}, "Carracosta": {}, "Alomomola": {"Serperior": 0.39183681462141, "Roselia": 0.3086238679597165, "Garbodor": 0.2734217493472585, "Ludicolo": 0.21166278254382695, "Eelektross": 0.19746212607236108, "Exeggutor": 0.10965341290563224, "Sawsbuck": 0.09603609101081685, "Tangela": 0.09561966430436404, "Mandibuzz": 0.09531619544945914, "Leafeon": 0.09301320402834762, "Musharna": 0.09112663931368893, "Golbat": 0.08919286833271169, "Kadabra": 0.04589563222678106}, "Electabuzz": {}, "Sawk": {"Musharna": 0.20146524089935763, "Gurdurr": 0.10719757494646681, "Alomomola": 0.09139002141327622}, "Charizard": {"Samurott": 0.18856335862417803, "Swellow": 0.09345692210419827, "Wartortle": 0.09241603355252066, "Electabuzz": 0.04398067442252571}, "Serperior": {"Skuntank": 0.18788896721311477, "Garbodor": 0.13032531967213115}, "Weezing": {"Charizard": 0.13935072868217052}, "Regirock": {"Golurk": 0.23696000786575772, "Serperior": 0.13281351337178815, "Seismitoad": 0.1275085291033036, "Piloswine": 0.10920711326691138, "Samurott": 0.10754681436811747, "Sawk": 0.043825857367593084, "Alomomola": 0.042669554273728365}, "Gardevoir": {"Skuntank": 0.09992853617632966, "Sawsbuck": 0.08983692620987063, "Kangaskhan": 0.08845921418303786}, "Ditto": {}, "Lapras": {}, "Ludicolo": {}, "Exeggutor": {}, "Shiftry": {}, "Victreebel": {}, "Tentacool": {}, "Haunter": {}, "Sawsbuck": {}, "Golduck": {}, "Electrode": {}, "Volbeat": {}, "Golem": {"Alomomola": 0.2897828261711189, "Tangela": 0.15567634533488192, "Cradily": 0.11524394889663182, "Samurott": 0.11383643825009677, "Serperior": 0.11249694154084398, "Sawk": 0.15042220480061946, "Seismitoad": 0.10250267131242739, "Piloswine": 0.09803831204026327}, "Liepard": {}, "Regice": {}, "Braviary": {}, "Eelektross": {"Sawk": 0.18482668289085546, "Kangaskhan": 0.08825060619469029, "Musharna": 0.0481662005899705}, "Rotom-Frost": {}, "Cradily": {"Sawk": 0.13687519764957262}, "Ampharos": {"Golurk": 0.12630542424242422}, "Meganium": {}, "Floatzel": {}, "Wartortle": {}, "Zweilous": {}, "Combusken": {}, "Misdreavus": {"Charizard": 0.2223702985074627, "Skuntank": 0.11082238272921108}, "Drifblim": {}, "Armaldo": {}, "Altaria": {}, "Rampardos": {}, "Zangoose": {}, "Probopass": {"Sawk": 0.1317382536520584, "Golurk": 0.12789056440903054, "Kangaskhan": 0.10636745019920318}, "Lickilicky": {}, "Arbok": {}, "Beheeyem": {}, "Rapidash": {}, "Kangaskhan": {"Alomomola": 0.247234144092219}, "Bronzor": {}, "Swanna": {}, "Stunfisk": {}, "Torterra": {}, "Leafeon": {}, "Articuno": {}, "Gorebyss": {}, "Fraxure": {}, "Cottonee": {}, "Metang": {"Charizard": 0.11383259290540541}, "Muk": {}, "Zebstrika": {}, "Mawile": {}, "Simipour": {}, "Vileplume": {}, "Dragonair": {}, "Ivysaur": {}, "Simisear": {}, "Jumpluff": {}, "Klang": {}, "Frillish": {}, "Basculin": {}, "Pinsir": {}, "Huntail": {}, "Dodrio": {}, "Murkrow": {}, "Cacturne": {}, "Monferno": {}, "Seviper": {}, "Flareon": {}, "Relicanth": {}, "Wigglytuff": {}, "Dustox": {}, "Illumise": {}, "Bastiodon": {}, "Scraggy": {}, "Pachirisu": {}, "Marshtomp": {}, "Butterfree": {}, "Throh": {}, "Shuckle": {}, "Natu": {}, "Pikachu": {}, "Gigalith": {}, "Ninjask": {}, "Audino": {}, "Swoobat": {}, "Slaking": {}, "Lunatone": {}, "Exploud": {}, "Glaceon": {}, "Ursaring": {}, "Linoone": {}, "Emolga": {}, "Banette": {}, "Marowak": {}, "Raichu": {}, "Magmar": {}, "Munchlax": {}, "Lairon": {}, "Persian": {}, "Krokorok": {}, "Lampent": {}, "Solrock": {}, "Kingler": {}, "Mantyke": {}, "Regigigas": {}, "Kabuto": {}, "Hypno": {}, "Luxray": {}, "Clamperl": {}, "Octillery": {}, "Grumpig": {}, "Sneasel": {}, "Magnemite": {}, "Glalie": {}, "Whiscash": {}, "Beedrill": {}, "Magcargo": {}, "Walrein": {}, "Shelgon": {}, "Maractus": {}, "Clefairy": {}, "Vanilluxe": {}, "Pelipper": {}, "Lopunny": {}, "Onix": {}, "Archen": {}, "Riolu": {}, "Simisage": {}, "Wailord": {}, "Leavanny": {}, "Yanma": {}, "Corsola": {}, "Kecleon": {}, "Palpitoad": {}, "Diglett": {}, "Beartic": {}, "Dunsparce": {}, "Castform": {}, "Stoutland": {}, "Carnivine": {}, "Bibarel": {}, "Pineco": {}, "Mantine": {}, "Tropius": {}, "Staryu": {}, "Phione": {}, "Mr. Mime": {}, "Mothim": {}, "Chatot": {}, "Grovyle": {}, "Mightyena": {}, "Shedinja": {}, "Heatmor": {}, "Duskull": {}, "Wormadam-Trash": {}, "Pignite": {}, "Porygon": {}, "Dewott": {}, "Machoke": {}, "Servine": {}, "Swalot": {}, "Vigoroth": {}, "Eelektrik": {}, "Gabite": {}, "Shelmet": {}, "Raticate": {}, "Graveler": {}, "Spinda": {}, "Parasect": {}, "Charmeleon": {}, "Bayleef": {}, "Unfezant": {}, "Drilbur": {}, "Chimecho": {}, "Pawniard": {}, "Purugly": {}, "Litwick": {}, "Lickitung": {}, "Togetic": {}, "Sandshrew": {}, "Lileep": {}, "Fearow": {}, "Boldore": {}, "Axew": {}, "Furret": {}, "Seaking": {}, "Snivy": {}, "Dewgong": {}, "Delcatty": {}, "Foongus": {}, "Prinplup": {}, "Shellder": {}, "Dwebble": {}, "Gothorita": {}, "Vulpix": {}, "Sunflora": {}, "Geodude": {}, "Nosepass": {}, "Grotle": {}, "Carvanha": {}, "Budew": {}, "Gulpin": {}, "Bagon": {}, "Joltik": {}, "Ariados": {}, "Bidoof": {}, "Rattata": {}, "Girafarig": {}, "Stantler": {}, "Vespiquen": {}, "Seadra": {}, "Delibird": {}, "Growlithe": {}, "Wynaut": {}, "Slugma": {}, "Luxio": {}, "Azurill": {}, "Minun": {}, "Oshawott": {}, "Buizel": {}, "Bonsly": {}, "Tepig": {}, "Hippopotas": {}, "Noctowl": {}, "Zorua": {}, "Togepi": {}, "Tyrogue": {}, "Sandile": {}, "Masquerain": {}, "Mienfoo": {}, "Aipom": {}, "Pichu": {}, "Minccino": {}, "Darumaka": {}, "Chinchou": {}}