{"Blastoise": {"Roserade": 0.43055365087787, "Shaymin": 0.3609722076982443, "Raikou": 0.29613741993054216, "Virizion": 0.14245080792977038, "Meloetta": 0.07939181217441636, "Zapdos": 0.32702820663708276, "Togekiss": 0.17928128497009452, "Mismagius": 0.06018009839861085, "Yanmega": 0.0593609299633417, "Heracross": 0.058697846324522476, "Amoonguss": 0.05656690140845071, "Milotic": 0.05003790758248119, "Venomoth": 0.04591044375844106, "Kingdra": 0.03389209724098013, "Ludicolo": 0.032788122226509744}, "Mew": {"Yanmega": 0.06129001781170484, "Sharpedo": 0.06000576844783714, "Scrafty": 0.059981754028838}, "Nidoqueen": {"Meloetta": 0.05840094437257439, "Nidoking": 0.16317, "Mew": 0.13843962052608885, "Suicune": 0.132954851228978, "Blastoise": 0.05206231565329883, "Kingdra": 0.08092783527382492, "Azelf": 0.04170358990944372, "Porygon2": 0.04111843898231997}, "Flygon": {"Slowbro": 0.1000714413559322, "Porygon2": 0.11285685423728813, "Bronzong": 0.041700569491525424, "Shaymin": 0.04158480813559322}, "Arcanine": {"Slowbro": 0.04836511094224923, "Qwilfish": 0.03441, "Gligar": 0.04582349848024316}, "Krookodile": {"Kingdra": 0.0689727603885591, "Blastoise": 0.12163963842417701, "Heracross": 0.09651994063680518}, "Victini": {"Sharpedo": 0.23667738942145983, "Kingdra": 0.17019087748065925, "Bisharp": 0.06313731710393543, "Honchkrow": 0.09045199966363941, "Rhyperior": 0.055976986629667, "Azumarill": 0.04360898082744702}, "Swampert": {"Shaymin": 0.2358289936524729, "Togekiss": 0.05380758793969849, "Roserade": 0.35125119677334043, "Blastoise": 0.03983266331658291, "Meloetta": 0.04450766992859032}, "Zapdos": {"Raikou": 0.22347049567160007, "Snorlax": 0.2591199101740668, "Porygon2": 0.12064864562971238, "Umbreon": 0.05702717816252443, "Nidoking": 0.0561191264078935, "Weavile": 0.07465294563902075}, "Mienshao": {"Sableye": 0.17055402718965904, "Cofagrigus": 0.30889346166703807, "Slowbro": 0.23590676788500115, "Nidoqueen": 0.06738596445286382, "Qwilfish": 0.21275111433028748, "Sharpedo": 0.03174938934700246}, "Togekiss": {"Zapdos": 0.2399691530403679, "Raikou": 0.2252098696985182, "Nidoking": 0.06477301992846193, "Rhyperior": 0.13012120592743995}, "Empoleon": {"Zapdos": 0.049006999451453655, "Raikou": 0.09759460367526056, "Heracross": 0.09424380279758639}, "Kingdra": {}, "Machamp": {}, "Qwilfish": {"Zapdos": 0.2602159855179185, "Nidoking": 0.06181327687776141, "Azelf": 0.05929761413843888, "Kingdra": 0.09351801423662248, "Roserade": 0.10462368924889542, "Mew": 0.056794587628865974, "Raikou": 0.1675441973490427, "Blastoise": 0.04433236622484045, "Xatu": 0.03181512027491409}, "Liepard": {}, "Snorlax": {"Cobalion": 0.23453081890028585, "Heracross": 0.21623854968891876, "Sableye": 0.12679958298301663, "Hitmontop": 0.10888731629392971, "Scrafty": 0.05481407096014797, "Machamp": 0.06975648646376324, "Rhyperior": 0.047500723053640496}, "Wynaut": {}, "Ditto": {}, "Druddigon": {}, "Charizard": {}, "Gligar": {"Togekiss": 0.07802011021452471, "Yanmega": 0.07135242275142688, "Slowbro": 0.11779180869907499, "Kingdra": 0.2251810263727613, "Blastoise": 0.2906957183625271, "Nidoking": 0.2476921708325133, "Milotic": 0.056232969887817355, "Scrafty": 0.10943625664239323, "Suicune": 0.15299257626451485, "Mew": 0.054173745325723284, "Shaymin": 0.10802259299350522, "Nidoqueen": 0.19186524109427278, "Weavile": 0.046666455422160996, "Raikou": 0.038306845109230464, "Empoleon": 0.03979436626648298}, "Aerodactyl": {}, "Amoonguss": {}, "Milotic": {"Shaymin": 0.1196102114330462, "Raikou": 0.05355259592795615, "Zapdos": 0.11360742560689116, "Roserade": 0.05167144479248238}, "Raikou": {"Snorlax": 0.24811662661955244, "Rhyperior": 0.05796671378091872, "Heracross": 0.10103209893992933}, "Mismagius": {}, "Umbreon": {"Cobalion": 0.18905242387820512, "Hitmontop": 0.15286339743589747, "Togekiss": 0.0616029967948718, "Heracross": 0.19594478766025641, "Virizion": 0.0765224358974359, "Bisharp": 0.05926862980769231}, "Darmanitan": {"Slowbro": 0.1386723797780518, "Kingdra": 0.14246392879161532, "Blastoise": 0.13672369990752156, "Milotic": 0.06106508939580764, "Suicune": 0.19361518958076449, "Rhyperior": 0.17873438887176327, "Swampert": 0.09410734124537608}, "Slowking": {}, "Hitmontop": {"Tornadus": 0.11302324117017479, "Nidoking": 0.06303543168034248, "Yanmega": 0.06247563681769533, "Cofagrigus": 0.09897546914020693, "Sableye": 0.0585233374955405, "Zapdos": 0.09528971815911523, "Togekiss": 0.05719711915804495, "Shaymin": 0.1042818373171602, "Nidoqueen": 0.09397469496967535, "Claydol": 0.053760337138779875, "Slowbro": 0.047627723867285046, "Qwilfish": 0.04770752229753835}, "Cofagrigus": {"Togekiss": 0.15533423353995643, "Roserade": 0.0602859641480985, "Shaymin": 0.04469749706818562, "Umbreon": 0.04309508460378623, "Empoleon": 0.042916039537610993, "Zapdos": 0.042432045568771996, "Sharpedo": 0.041522104205059474}, "Rhyperior": {"Sharpedo": 0.1373944565744784, "Suicune": 0.25752644266537283, "Blastoise": 0.36921254892447036, "Slowbro": 0.18284205887109817, "Roserade": 0.22947890910561217, "Claydol": 0.0707692867540029, "Swampert": 0.21461817159954716, "Shaymin": 0.2246668518518518, "Kingdra": 0.14579439349830178, "Milotic": 0.11656011402231925, "Bronzong": 0.046227868348698055, "Hitmontop": 0.04038122028141678, "Empoleon": 0.040372476144266534}, "Electivire": {}, "Porygon2": {"Heracross": 0.13344241598360657, "Cobalion": 0.047968217213114756}, "Virizion": {}, "Sableye": {"Nidoking": 0.07865257086354648, "Kingdra": 0.07250973302570865, "Roserade": 0.12379345088991431, "Shaymin": 0.06205169742913645, "Tornadus": 0.060506552406064604, "Zapdos": 0.02775045484508899, "Scrafty": 0.05528286914963745}, "Claydol": {"Sableye": 0.10105985915492957, "Roserade": 0.08723408450704226, "Blastoise": 0.2025660884874464, "Nidoking": 0.07912014084507042, "Cofagrigus": 0.14388211267605636, "Bronzong": 0.07117478873239437, "Kingdra": 0.0693025352112676, "Mew": 0.06503830985915493}, "Yanmega": {"Crobat": 0.073194417989418, "Raikou": 0.07082701058201057, "Zapdos": 0.046010513983371124}, "Spiritomb": {}, "Cobalion": {"Blastoise": 0.05692923648247178, "Heracross": 0.08929728362051892, "Victini": 0.05581875420875421, "Azelf": 0.04044363636363636}, "Altaria": {}, "Omastar": {}, "Hariyama": {}, "Nidoking": {"Snorlax": 0.2075652940744008, "Sharpedo": 0.0633858256138803, "Porygon2": 0.05721293927363622, "Umbreon": 0.04935228936921041, "Azelf": 0.03929108072342302, "Meloetta": 0.03549326863696515}, "Xatu": {"Zapdos": 0.24092421058134672, "Raikou": 0.2727075324132162, "Bisharp": 0.11025661229611042, "Umbreon": 0.062152565872020074, "Nidoking": 0.10337578105395231, "Victini": 0.11453513488080302, "Empoleon": 0.0599729077791719, "Suicune": 0.054559149937264746, "Snorlax": 0.1059040652446675, "Krookodile": 0.04477572145545797}, "Zoroark": {}, "Cryogonal": {}, "Rotom-Heat": {"Kingdra": 0.10885045778229908, "Snorlax": 0.06585126144455748}, "Porygon-Z": {}, "Bronzong": {"Escavalier": 0.09817935600361119, "Victini": 0.251998353897081, "Heracross": 0.05322990144447789, "Suicune": 0.04108265723743605, "Arcanine": 0.03273360517604574}, "Bisharp": {"Cobalion": 0.10679959846838455, "Heracross": 0.04962667494566904}, "Golem": {}, "Honchkrow": {}, "Persian": {}, "Moltres": {}, "Emboar": {}, "Eelektross": {}, "Sharpedo": {}, "Primeape": {}, "Medicham": {}, "Houndoom": {}, "Magneton": {}, "Stoutland": {}, "Tornadus": {"Zapdos": 0.21690226056714823, "Raikou": 0.16342854333868378, "Kingdra": 0.03408243178170144}, "Cresselia": {}, "Scrafty": {"Heracross": 0.06793152227217002}, "Meloetta": {}, "Glaceon": {}, "Crobat": {"Rhyperior": 0.29103677794336813, "Zapdos": 0.19026882265275707, "Raikou": 0.05985753800298063, "Slowbro": 0.05774662891207153}, "Haunter": {}, "Rotom-Mow": {}, "Roserade": {"Cresselia": 0.15955919177616676, "Heracross": 0.27555412324422296, "Escavalier": 0.0725824988672406, "Meloetta": 0.07019483121884912, "Bisharp": 0.09934690077027639, "Ambipom": 0.06824876302673312, "Tornadus": 0.14823600079293156, "Victini": 0.2175688474173086,