{"Krookodile": {"Chesnaught": 0.2565422344013491, "Sceptile-Mega": 0.15421058058299206, "Blastoise-Mega": 0.043650581787521084, "Sharpedo-Mega": 0.043359636834497714, "Swampert": 0.04308047699349554, "Suicune": 0.04346239520597447, "Sylveon": 0.04127937484943387, "Conkeldurr": 0.03366208805107203}, "Cobalion": {"Slowking": 0.08555236805964293, "Chesnaught": 0.14088577987051207, "Chandelure": 0.08357364331959977, "Suicune": 0.09207033451049638, "Conkeldurr": 0.027276515597410244}, "Suicune": {"Blissey": 0.037403088457389426, "Sceptile-Mega": 0.15856095145631066, "Celebi": 0.12649515426105717, "Roserade": 0.05563177130528586}, "Crobat": {"Aggron-Mega": 0.3007485878118709, "Metagross": 0.3186568535350454, "Empoleon": 0.27844767888732996, "Aerodactyl-Mega": 0.3501759165497469, "Rhyperior": 0.06583331909961569, "Doublade": 0.09506206307570306, "Swampert-Mega": 0.05162679192338193, "Mamoswine": 0.04625837857622155, "Suicune": 0.1942207283596657, "Hydreigon": 0.04213161715366315}, "Florges": {"Aggron-Mega": 0.2772579093836246, "Nidoqueen": 0.13307363692118981, "Metagross": 0.2604957237043852, "Roserade": 0.09322233977307574, "Nidoking": 0.10071226770929163, "Entei": 0.04281466421343147, "Beedrill-Mega": 0.1465900666973321, "Doublade": 0.0495702529898804, "Reuniclus": 0.043041294081570064, "Crobat": 0.04243058954308494, "Suicune": 0.08125427706225084, "Cobalion": 0.06865257436369211}, "Empoleon": {"Swampert-Mega": 0.14974092050768203, "Blastoise-Mega": 0.06537822979291917, "Chesnaught": 0.10085835337341349, "Mamoswine": 0.07662005010020038, "Cobalion": 0.11961325450901804, "Krookodile": 0.037419138276553104, "Crawdaunt": 0.0387900240480962, "Toxicroak": 0.03957240748162993, "Haxorus": 0.037411675350701404, "Conkeldurr": 0.06712725985303941}, "Porygon2": {"Blissey": 0.024235201910551455, "Conkeldurr": 0.03975575336517585}, "Espeon": {"Aerodactyl-Mega": 0.09430179617453677, "Metagross": 0.03312429169157203}, "Moltres": {"Aerodactyl-Mega": 0.09323453435804702}, "Chesnaught": {"Reuniclus": 0.04238541759714158, "Nidoking": 0.06610093791871371, "Aerodactyl-Mega": 0.08408924073246986, "Sylveon": 0.09059234144707459, "Crobat": 0.14263611991960698, "Chandelure": 0.05052334747655203, "Celebi": 0.09042963934792317}, "Ampharos-Mega": {"Blissey": 0.042883390410958906, "Krookodile": 0.07913407534246576, "Sylveon": 0.11316374048706242, "Florges": 0.055895856164383556}, "Celebi": {"Aerodactyl-Mega": 0.15710256492168176, "Bronzong": 0.04257499896949711}, "Gyarados": {}, "Mienshao": {"Crobat": 0.015430559112249253, "Chesnaught": 0.06265133162612035, "Cresselia": 0.09908948641343007, "Slowking": 0.09503504623701807, "Gyarados": 0.05994616659553279, "Florges": 0.053505349978659834, "Aerodactyl-Mega": 0.053214026888604354, "Sylveon": 0.09771547588561671, "Espeon": 0.05053068359652867, "Donphan": 0.09721519419547589}, "Rhyperior": {}, "Beedrill-Mega": {"Aerodactyl-Mega": 0.3209163368703358, "Aggron-Mega": 0.20327459654850744, "Cloyster": 0.02756363339552239, "Swampert-Mega": 0.0264069822761194, "Doublade": 0.09337448810634327, "Crobat": 0.034542423041044774, "Donphan": 0.04012781016791045, "Gligar": 0.11637667327425374, "Porygon2": 0.038276760727611936, "Metagross": 0.03597613106343284}, "Aggron-Mega": {"Blastoise-Mega": 0.13464355484522206, "Chandelure": 0.1270495642664872, "Swampert-Mega": 0.035156137281292056, "Nidoqueen": 0.0822373359690444, "Nidoking": 0.10280443051816958, "Chesnaught": 0.0980135935397039, "Seismitoad": 0.1482656048115747, "Swampert": 0.10117938088829072, "Milotic": 0.05288097072678331, "Suicune": 0.03197396366083445, "Hydreigon": 0.025481951547779273}, "Bronzong": {"Krookodile": 0.03564537227949599}, "Mandibuzz": {"Florges": 0.030693463687150837, "Sylveon": 0.17572094273743016, "Aerodactyl-Mega": 0.13649227304469275, "Mamoswine": 0.05643188547486033, "Heliolisk": 0.05638493715083799, "Cobalion": 0.10498340782122906, "Nidoking": 0.04878887220670391, "Klefki": 0.02247381284916201}, "Metagross": {"Krookodile": 0.06814406820645376, "Swampert": 0.04070797882097891, "Suicune": 0.08023735762528142, "Hydreigon": 0.07418815892604018, "Chandelure": 0.045783957308429914, "Absol-Mega": 0.04075985658300676}, "Aerodactyl-Mega": {"Aggron-Mega": 0.2525162618790497, "Suicune": 0.15180086825053993, "Swampert": 0.10203175809935207, "Crawdaunt": 0.10166580129589634, "Seismitoad": 0.05197936933045356, "Doublade": 0.1290874087473002, "Swampert-Mega": 0.12600353185745142, "Blastoise-Mega": 0.045864, "Metagross": 0.043791395248380126, "Milotic": 0.04354146004319654, "Feraligatr": 0.04354146004319654, "Slowking": 0.04040992656587473}, "Hydreigon": {"Conkeldurr": 0.059102625780993095, "Blissey": 0.15425556313712593, "Florges": 0.272650414337389, "Porygon2": 0.0728584158171654, "Sylveon": 0.25245840019730353, "Umbreon": 0.04992458237421901, "Gardevoir": 0.028939876685300892}, "Sylveon": {"Metagross": 0.25192205082651015, "Aggron-Mega": 0.2422455522941449, "Nidoking": 0.15211104433801947, "Beedrill-Mega": 0.21309404912714353, "Roserade": 0.1145437895875174, "Crobat": 0.04026808048818167, "Nidoqueen": 0.05460319789896492, "Tentacruel": 0.09372785107369072, "Doublade": 0.09179184767495752, "Entei": 0.045703903908543175, "Toxicroak": 0.03301902672640198}, "Abomasnow-Mega": {}, "Emboar": {}, "Reuniclus": {}, "Whimsicott": {"Aggron-Mega": 0.039441863617968434, "Entei": 0.08538459429380818, "Roserade": 0.0383329825981384, "Metagross": 0.04595257790368272}, "Swampert": {"Sceptile-Mega": 0.07436587128340233, "Chesnaught": 0.09812424915318028, "Celebi": 0.05710340233345879, "Vaporeon": 0.05476276251411366, "Suicune": 0.04431566428302597}, "Gligar": {"Blastoise-Mega": 0.025128957131079967, "Slowking": 0.060242821516900254, "Swampert-Mega": 0.07599852225886232, "Hydreigon": 0.03337874484748557, "Mamoswine": 0.07368095630667766, "Suicune": 0.13522379225061829, "Crawdaunt": 0.04766863149216818, "Seismitoad": 0.04642858099752679, "Gyarados": 0.044009109645507014}, "Forretress": {"Empoleon": 0.24025296312949643, "Hydreigon": 0.18597341636690642, "Nidoking": 0.1460733642086331, "Chandelure": 0.238481785971223, "Nidoqueen": 0.17826534082733814, "Moltres": 0.05838358812949641, "Doublade": 0.05657990467625899, "Tentacruel": 0.18160225989208634, "Swampert": 0.04799641276978417, "Infernape": 0.17307345233812949, "Seismitoad": 0.041774923561151076, "Darmanitan": 0.041643151079136694, "Blastoise-Mega": 0.06750448920863308, "Entei": 0.06676168345323741, "Arcanine": 0.05755938129496403, "Suicune": 0.04814739568345324, "Crawdaunt": 0.04683496402877698}, "Roserade": {"Crobat": 0.05350470002585984, "Aerodactyl-Mega": 0.2242285544349625, "Goodra": 0.05036772174812516, "Beedrill-Mega": 0.03463212438582881}, "Heliolisk": {"Aerodactyl-Mega": 0.08435412910150261, "Sylveon": 0.056047071450475314}, "Blissey": {"Chesnaught": 0.054931002012072426, "Conkeldurr": 0.05262714688128774, "Infernape": 0.047989496981891346, "Cobalion": 0.07397656539235413, "Krookodile": 0.15366384507042252, "Aggron-Mega": 0.040943951710261564, "Lucario": 0.04092149698189135, "Doublade": 0.07401634406438631, "Mienshao": 0.03644626056338029, "Metagross": 0.02999933601609658}, "Slowking": {"Sceptile-Mega": 0.03446984523995623, "Umbreon": 0.05704263873690792, "Celebi": 0.05224822885727685}, "Snorlax": {}, "Chandelure": {"Aerodactyl-Mega": 0.17115084731385485, "Mienshao": 0.030542133836003772, "Snorlax": 0.05362310461828464, "Hydreigon": 0.08617887464655985}, "Toxicroak": {"Aerodactyl-Mega": 0.027973083573487035, "Gligar": 0.04135920028818444}, "Tentacruel": {"Metagross": 0.03938959059036417, "Krookodile": 0.13728992083239086, "Reuniclus": 0.05198402510744176, "Heracross": 0.04826801063107894, "Sceptile-Mega": 0.041813362361456684, "Celebi": 0.1116530705722687}, "Sceptile-Mega": {"Florges": 0.10267311876247505, "Aerodactyl-Mega": 0.11335687724550898, "Sylveon": 0.07094166866267465}, "Swampert-Mega": {"Chesnaught": 0.08620218252776943, "Sceptile-Mega": 0.07788282948063645, "Suicune": 0.04050803512458721, "Celebi": 0.0641242900030021},