{"Comfey": {"Weezing": 0.13282631901840491, "Dhelmise": 0.12547955521472393}, "Garbodor": {"Steelix": 0.1472276122931442, "Seismitoad": 0.1344181560283688}, "Decidueye": {}, "Mesprit": {}, "Piloswine": {}, "Gurdurr": {}, "Incineroar": {"Samurott": 0.1547548390383048, "Seismitoad": 0.13718352689486554, "Aerodactyl": 0.13490724327628364}, "Weezing": {"Delphox": 0.16546217868338559, "Slowking": 0.13625153605015672}, "Dhelmise": {"Incineroar": 0.33627250000000003, "Decidueye": 0.137925}, "Passimian": {"Palossand": 0.1375247017091261, "Weezing": 0.1285732570138665}, "Steelix": {"Seismitoad": 0.3801233179886685, "Blastoise": 0.2096226628895184, "Slowking": 0.1921299752124646, "Vaporeon": 0.17478707507082153, "Clawitzer": 0.17002632790368272, "Palossand": 0.16190534702549575, "Abomasnow-Mega": 0.13387011331444762}, "Slowking": {"Dhelmise": 0.1294722462311558}, "Druddigon": {"Glalie-Mega": 0.24753694581280788, "Comfey": 0.13695229064039408}, "Seismitoad": {"Dhelmise": 0.34395749999999997, "Sceptile": 0.25, "Comfey": 0.185355}, "Heliolisk": {}, "Clawitzer": {}, "Rhydon": {"Comfey": 0.16044952127659576, "Dhelmise": 0.14962408909574468}, "Rotom": {}, "Glalie-Mega": {"Ambipom": 0.12654376725102573}, "Typhlosion": {"Slowking": 0.1434375}, "Blastoise": {"Comfey": 0.15334556910569105, "Dhelmise": 0.15328605691056912, "Sceptile": 0.1264510162601626}, "Abomasnow-Mega": {"Typhlosion": 0.1985138189533239, "Delphox": 0.16190567185289959}, "Golbat": {}, "Malamar": {}, "Kingler": {}, "Silvally-Dragon": {}, "Sceptile": {}, "Xatu": {"Glalie-Mega": 0.19129574742268043, "Incineroar": 0.1440196176975945}, "Mismagius": {}, "Aerodactyl": {"Steelix": 0.14473250000000001, "Seismitoad": 0.1289475, "Blastoise": 0.1289475}, "Togedemaru": {"Steelix": 0.17851, "Rhydon": 0.162135, "Seismitoad": 0.144595}, "Vaporeon": {}, "Pangoro": {"Comfey": 0.1695075}, "Aurorus": {}, "Ambipom": {"Steelix": 0.2755922897897898}, "Sandslash-Alola": {}, "Hariyama": {}, "Ludicolo": {}, "Palossand": {"Seismitoad": 0.162135}, "Aromatisse": {}, "Vikavolt": {}, "Delphox": {"Incineroar": 0.27707137755102046}, "Whimsicott": {}, "Exeggutor-Alola": {}, "Spiritomb": {}, "Armaldo": {}, "Sneasel": {}, "Braviary": {}, "Scrafty": {"Comfey": 0.1341275}, "Magmortar": {}, "Victreebel": {}, "Accelgor": {}, "Sigilyph": {"Heliolisk": 0.16557131296449218}, "Ursaring": {}, "Pyukumuku": {}, "Silvally-Poison": {}, "Gallade": {}, "Shiftry": {}, "Klinklang": {}, "Omastar": {}, "Mightyena": {}, "Shuckle": {}, "Golurk": {}, "Audino-Mega": {}, "Persian-Alola": {}, "Hitmontop": {}, "Samurott": {}, "Silvally-Steel": {}, "Miltank": {}, "Luxray": {}, "Cryogonal": {}, "Minior": {}, "Guzzlord": {}, "Houndoom": {}, "Skuntank": {}, "Archeops": {}, "Volbeat": {}, "Rotom-Fan": {}, "Purugly": {}, "Tauros": {}, "Electrode": {}, "Crabominable": {}, "Lilligant": {}, "Croconaw": {}, "Beartic": {}, "Abomasnow": {}, "Hitmonlee": {}, "Leafeon": {}, "Vivillon": {}, "Raichu": {}, "Camerupt": {}, "Qwilfish": {}, "Scyther": {}, "Kabutops": {}, "Turtonator": {}, "Sandslash": {}, "Poliwrath": {}, "Dusknoir": {}, "Cinccino": {}, "Medicham": {}, "Altaria": {}, "Raticate-Alola": {}, "Golem": {}, "Ferroseed": {}, "Lycanroc": {}, "Dusclops": {}, "Electivire": {}, "Masquerain": {}, "Basculin": {}, "Machoke": {}, "Leavanny": {}, "Gorebyss": {}, "Dragonair": {}, "Illumise": {}, "Chatot": {}, "Kadabra": {}, "Toucannon": {}, "Oranguru": {}, "Absol": {}, "Golem-Alola": {}, "Glaceon": {}, "Silvally-Ground": {}, "Sableye": {}, "Charizard": {}, "Liepard": {}, "Drampa": {}, "Claydol": {}, "Slaking": {}, "Dodrio": {}, "Gastrodon": {}, "Jellicent": {}, "Ninjask": {}, "Zangoose": {}, "Lurantis": {}, "Articuno": {}, "Haunter": {}, "Exeggutor": {}, "Pikachu": {}, "Butterfree": {}, "Regirock": {}, "Rotom-Frost": {}, "Yamask": {}, "Ditto": {}, "Shedinja": {}, "Aggron": {}, "Swanna": {}, "Regigigas": {}, "Rampardos": {}, "Cacturne": {}, "Mudsdale": {}, "Kecleon": {}, "Sawk": {}, "Arbok": {}, "Silvally-Fairy": {}, "Raichu-Alola": {}, "Mr. Mime": {}, "Tangela": {}, "Eelektross": {}, "Lanturn": {}, "Torterra": {}, "Kangaskhan": {}, "Rapidash": {}, "Silvally-Ghost": {}, "Beedrill": {}, "Pyroar": {}, "Gogoat": {}, "Avalugg": {}, "Zebstrika": {}, "Noctowl": {}, "Poliwhirl": {}, "Simisage": {}, "Type: Null": {}, "Mudbray": {}, "Lapras": {}, "Beheeyem": {}, "Smeargle": {}, "Primeape": {}, "Cradily": {}, "Dugtrio-Alola": {}, "Swalot": {}, "Mawile": {}, "Dugtrio": {}, "Probopass": {}, "Emolga": {}, "Ariados": {}, "Komala": {}, "Torkoal": {}, "Porygon": {}, "Drifblim": {}, "Regice": {}, "Roselia": {}, "Prinplup": {}, "Carbink": {}, "Lumineon": {}, "Floatzel": {}, "Jynx": {}, "Spinda": {}, "Ledian": {}, "Hippopotas": {}, "Stoutland": {}, "Krokorok": {}, "Trevenant": {}, "Manectric": {}, "Muk": {}, "Aron": {}, "Togetic": {}, "Pidgeot": {}, "Hypno": {}, "Torracat": {}, "Vigoroth": {}, "Marowak": {}, "Lycanroc-Midnight": {}, "Castform": {}, "Metang": {}, "Seaking": {}, "Bastiodon": {}, "Audino": {}, "Granbull": {}, "Oricorio-Sensu": {}, "Wartortle": {}, "Magcargo": {}, "Girafarig": {}, "Dewgong": {}, "Kirlia": {}, "Silvally-Rock": {}, "Mothim": {}, "Politoed": {}, "Bronzor": {}, "Loudred": {}, "Skitty": {}, "Drifloon": {}, "Carracosta": {}, "Swirlix": {}, "Clefairy": {}, "Silvally-Dark": {}, "Combusken": {}, "Wobbuffet": {}, "Swoobat": {}, "Vulpix": {}, "Musharna": {}, "Meowstic": {}, "Golduck": {}, "Bouffalant": {}, "Beautifly": {}, "Silvally-Water": {}, "Huntail": {}, "Wynaut": {}, "Rattata": {}, "Fearow": {}, "Magmar": {}, "Crustle": {}, "Gabite": {}, "Cranidos": {}, "Beldum": {}, "Krabby": {}, "Onix": {}, "Pinsir": {}, "Seadra": {}, "Lampent": {}, "Silvally-Electric": {}, "Corsola": {}, "Dustox": {}, "Heatmor": {}, "Farfetch'd": {}, "Banette": {}, "Cutiefly": {}, "Phione": {}, "Gourgeist-Super": {}, "Wooper": {}, "Wailord": {}, "Wishiwashi": {}, "Blitzle": {}, "Litten": {}, "Popplio": {}, "Rowlet": {}, "Carvanha": {}, "Rockruff": {}, "Swadloon": {}, "Murkrow": {}, "Klang": {}, "Meganium": {}, "Gible": {}, "Nosepass": {}, "Deino": {}, "Drilbur": {}, "Mienfoo": {}, "Chinchou": {}, "Croagunk": {}, "Sandile": {}, "Dedenne": {}, "Staryu": {}, "Furfrou": {}, "Larvesta": {}, "Carnivine": {}, "Fraxure": {}, "Silvally": {}, "Kricketune": {}, "Sunflora": {}, "Snivy": {}, "Lopunny": {}, "Marill": {}, "Pachirisu": {}, "Delcatty": {}, "Seviper": {}, "Eevee": {}, "Dartrix": {}, "Solrock": {}, "Unfezant": {}, "Jigglypuff": {}, "Magnemite": {}, "Deerling": {}, "Pineco": {}}